CustomerID,Contract,Monthly Charges,Tenure Months,prediction,prediction_proba
2189-WWOEW,Month-to-month,85.9,15,1,0.4302270690643196
2446-ZKVAF,Month-to-month,56.8,18,0,0.20046719377957456
4986-MXSFP,Month-to-month,20.0,2,0,0.1718471604575147
5868-YWPDW,Month-to-month,84.2,6,1,0.6474036261334147
9412-GHEEC,Month-to-month,104.8,40,0,0.3087587484987038
3389-YGYAI,Month-to-month,105.5,8,1,0.7559733309397838
4927-WWOOZ,Month-to-month,91.45,2,1,0.7842240510418982
4558-FANTW,Month-to-month,91.85,17,1,0.4609733503837015
6032-IGALN,Month-to-month,25.1,1,1,0.5953684975662419
3523-BRGUW,One year,19.3,26,0,0.030846156292552798
9885-AIBVB,Month-to-month,85.8,29,1,0.5474480365813225
1666-JXLKU,Month-to-month,100.05,37,1,0.6495004813898697
7649-SIJJF,Two year,80.1,71,0,0.016330166285509252
1790-NESIO,Two year,20.4,13,0,0.024631421676139107
2883-ILGWO,Month-to-month,104.9,57,0,0.30427361570387523
2338-BQEZT,Month-to-month,50.55,55,0,0.15041050303227624
4732-RRJZC,Month-to-month,20.25,7,0,0.06887648533580612
8885-QSQBX,Month-to-month,49.55,1,0,0.3817394254606121
7890-VYYWG,Month-to-month,36.45,3,1,0.6206928547216829
5329-KRDTM,Two year,77.35,72,0,0.04695638332818859
9675-ICXCT,Two year,80.8,72,0,0.035074879777769435
6599-CEBNN,Month-to-month,73.95,34,0,0.36537297032549954
0440-MOGPM,One year,80.55,41,0,0.20628736572316086
9821-POOTN,Month-to-month,75.2,35,1,0.5441752168730316
9210-IAHGH,Month-to-month,70.75,7,0,0.3532860597379753
0885-HMGPY,Two year,69.4,62,0,0.011598070792926957
7445-WMRBW,One year,73.85,48,0,0.08852999178180734
4183-MYFRB,Month-to-month,90.05,21,1,0.48858257136192856
2626-VEEWG,Two year,19.4,67,0,0.009737324690279643
0742-LAFQK,Two year,99.15,72,0,0.09297342603768684
5093-FEGLU,Two year,19.65,47,0,0.008209111197339263
5268-DSMNQ,One year,97.95,62,0,0.20462074715576717
4659-NZRUF,Month-to-month,95.15,19,1,0.47596468243145035
6424-ELEYH,Month-to-month,74.75,3,1,0.7049556761173014
9837-BMCLM,Month-to-month,78.5,3,1,0.689475447102642
7108-DGVUU,One year,71.7,21,0,0.15588905812534062
7750-EYXWZ,One year,60.65,12,0,0.1853608870842441
1814-DKOLC,Month-to-month,25.45,5,0,0.13646574394696423
1972-XMUWV,Two year,59.8,65,0,0.05855060821233425
6719-FGEDO,Two year,97.0,72,0,0.02697915616075315
2530-ENDWQ,Two year,93.7,71,0,0.14420331635253616
8020-BWHYL,Month-to-month,75.3,15,1,0.4663518323516499
2172-EJXVF,One year,105.9,71,0,0.29413469387120633
9761-XUJWD,Month-to-month,65.6,5,0,0.2918542924333718
4238-HFHSN,Month-to-month,82.15,61,1,0.4271937734668333
4628-CTTLA,Month-to-month,39.3,57,0,0.3252032854896767
1029-QFBEN,Month-to-month,19.55,1,0,0.2742128035234104
5600-PDUJF,Month-to-month,49.5,6,0,0.3242864663971217
6023-GSSXW,Two year,61.45,69,0,0.07453584951715624
9137-UIYPG,Month-to-month,106.9,35,0,0.10896132864495697
3254-YRILK,Month-to-month,88.2,19,1,0.6320146010069857
5286-YHCVC,Two year,104.8,72,0,0.225282425486483
9225-BZLNZ,Two year,85.25,72,0,0.04174481788855811
5480-HPRRX,Month-to-month,25.3,3,1,0.6033319536996588
0112-QWPNC,One year,84.35,49,0,0.08126343096837867
1730-VFMWO,Month-to-month,50.2,34,0,0.15104184330584125
0177-PXBAT,Month-to-month,109.9,33,0,0.3814573839860012
5996-DAOQL,Month-to-month,20.45,1,0,0.3278162276974709
4140-WJAWW,Month-to-month,19.85,5,0,0.10774184340327214
3946-JEWRQ,One year,95.2,47,0,0.27209812696380076
9805-FILKB,One year,20.2,46,0,0.023164454801556898
0141-YEAYS,Month-to-month,86.45,27,1,0.47810219198517223
8097-VBQTZ,Month-to-month,69.9,54,0,0.09053191260336549
1996-DBMUS,Month-to-month,70.65,48,1,0.43769795834267017
4304-TSPVK,Two year,114.9,68,0,0.08188448363289165
2434-EEVDB,Two year,94.6,64,0,0.08671620119507079
1527-SXDPN,Two year,96.25,52,0,0.11215596521735753
5898-IGSLP,Month-to-month,89.3,31,0,0.12628889214152728
3572-UOLYZ,Month-to-month,84.8,46,0,0.14315922297907382
9957-YODKZ,Month-to-month,80.8,6,1,0.7042536095650853
7945-PRBVF,Two year,21.45,35,0,0.00494396827753557
1689-MRZQR,Month-to-month,78.3,34,1,0.4946307941110617
2002-MZHWP,Month-to-month,20.5,1,0,0.30797615809010054
5502-RLUYV,Month-to-month,103.95,69,1,0.4136189207821438
4910-AQFFX,Month-to-month,79.35,9,1,0.6441775799389656
0895-UADGO,Two year,44.55,8,0,0.11170435885408404
9817-APLHW,Month-to-month,25.0,12,0,0.12916952685115754
6231-WFGFH,Month-to-month,20.5,4,0,0.13468696376876696
1769-GRUIK,Month-to-month,71.1,18,1,0.4379522151619136
9742-XOKTS,One year,89.55,67,0,0.0249375336565739
0867-MKZVY,Month-to-month,82.4,20,0,0.16729544429226134
8450-JOVAH,Month-to-month,56.7,2,0,0.35872856685899474
2911-UREFD,Month-to-month,55.9,39,0,0.18583420309898005
8133-ANHHJ,One year,103.0,49,0,0.125189282227368
8584-KMVXD,Month-to-month,75.6,8,1,0.4818154571065653
6519-CFDBX,Month-to-month,45.4,2,1,0.5857377492558214
6445-TNRXS,Two year,114.7,68,0,0.007250706261156317
3199-XGZCY,Month-to-month,75.25,8,1,0.6037335906818148
5202-IVJNU,Month-to-month,30.1,39,0,0.12052683163468596
8144-DGHXP,Two year,80.6,54,0,0.031640657648165385
0958-YHXGP,Month-to-month,69.9,7,1,0.5218010795408944
4891-NLUBA,Two year,61.45,61,0,0.013258950726692663
7065-YUNRY,Month-to-month,45.3,1,1,0.588993990222886
9873-MNDKV,Month-to-month,44.65,11,0,0.3519261008202151
6513-EECDB,Month-to-month,73.55,1,1,0.7926595352378039
8780-IXSTS,Month-to-month,90.1,6,1,0.7394601829607842
6158-DWPZT,One year,24.1,9,0,0.19917851661909144
1550-EENBN,Month-to-month,104.35,31,1,0.4153325151495192
2277-AXSDC,One year,19.75,32,0,0.032285383550241235
0365-BZUWY,Month-to-month,102.55,17,1,0.6629620831396795
5655-JSMZM,Month-to-month,96.2,49,1,0.6247209562376074
5032-USPKF,One year,84.1,38,0,0.12544296833697385
1057-FOGLZ,Month-to-month,19.65,18,0,0.05413810605480882
2458-EOMRE,Month-to-month,64.05,11,0,0.22051551215345175
8626-PTQGE,Two year,60.05,69,0,0.037051314357799264
5287-QWLKY,Month-to-month,105.1,71,0,0.3029192998176686
4835-YSJMR,Two year,49.8,39,0,0.08022833654005926
8883-ANODQ,Two year,84.4,68,0,0.012589285714285713
3165-HDOEW,Month-to-month,45.85,1,1,0.567733348445319
2480-EJWYP,One year,97.8,58,0,0.2686365982904704
2565-JSLRY,Month-to-month,24.05,1,0,0.28751480484695835
1792-UXAFY,Month-to-month,89.15,17,1,0.5316682135917226
1576-PFZIW,Two year,105.35,70,0,0.0839730998712551
7825-ECJRF,Month-to-month,106.6,19,0,0.21464486196749955
8774-GSBUN,Two year,25.4,72,0,0.00014285714285714284
5482-NUPNA,Month-to-month,60.4,4,0,0.28571666229702153
0816-TSPHQ,Month-to-month,20.75,2,0,0.15514927875490345
3948-XHGNA,Month-to-month,49.55,24,0,0.19271948126345972
8580-AECUZ,Month-to-month,79.1,1,1,0.8510593620711733
7658-UYUQS,Month-to-month,86.55,21,0,0.380937488463762
3486-KHMLI,Month-to-month,24.7,21,0,0.024776405734815935
9396-ZSFLL,Month-to-month,48.85,15,0,0.34932868166164893
8404-VLQFB,Month-to-month,25.25,15,0,0.11903624366164449
3396-DKDEL,Two year,115.15,70,0,0.004924903856159637
3474-BAFSJ,Two year,57.5,57,0,0.07237923600406541
1393-IMKZG,Month-to-month,95.85,1,1,0.6865138840864371
3295-YVUSR,Month-to-month,72.6,2,1,0.7206800494089197
5791-KAJFD,One year,68.75,56,0,0.09160029257332424
3348-CFRNX,Month-to-month,92.35,28,0,0.3773753987927768
9961-JBNMK,Month-to-month,96.8,21,1,0.48250113999755534
9964-WBQDJ,Two year,24.4,71,0,0.009577385870328064
1096-ADRUX,One year,74.25,66,0,0.04591367151183048
6907-FLBER,Month-to-month,54.3,1,1,0.487547367888806
7143-BQIBA,Month-to-month,62.25,10,0,0.2234345917211494
7126-RBHSD,Month-to-month,78.9,17,1,0.5017771466068092
3884-UEBXB,Two year,36.15,67,0,0.013012163561076604
6992-TKNYO,One year,69.0,38,0,0.0989970657060744
7641-TQFHN,Two year,100.55,39,0,0.09464272213994011
4822-RVYBB,Month-to-month,100.6,8,1,0.7903033426952832
1574-DYCWE,Two year,19.95,51,0,0.001427965886902893
1090-ESELR,Two year,105.5,72,0,0.12440707388851419
5035-PGZXH,One year,106.8,56,0,0.36355708453443514
9503-XJUME,One year,19.65,52,0,0.015991723482054618
3143-JQEGI,Month-to-month,88.35,13,1,0.6280846763039577
2188-SXWVT,One year,55.0,34,0,0.04952754962864949
7929-DMBCV,Month-to-month,81.0,20,0,0.3447552966619468
0023-UYUPN,One year,25.2,50,0,0.03763029956700555
8085-MSNLK,Two year,113.95,62,0,0.1158330514691941
1899-VXWXM,One year,106.1,48,0,0.2990092244660647
6261-LHRTG,Month-to-month,54.75,26,0,0.1908924357600471
5468-BPMMO,Month-to-month,19.6,46,0,0.10472910618567928
7483-IQWIB,Month-to-month,92.95,37,0,0.12001058714810663
7394-LWLYN,Month-to-month,70.15,2,1,0.6547909849756087
6500-JVEGC,One year,101.35,68,0,0.15050803028638973
5515-IDEJJ,Month-to-month,19.9,1,0,0.24976988230050862
8573-CGOCC,Month-to-month,19.75,16,0,0.09508726810611991
2719-BDAQO,Month-to-month,93.85,17,1,0.535659699374976
3904-UKFRE,Month-to-month,80.1,4,1,0.5118675137160558
9184-GALIL,Month-to-month,20.45,38,0,0.023304219493286264
1208-DNHLN,One year,48.35,23,0,0.14382488166796506
9606-PBKBQ,Month-to-month,85.0,32,1,0.6281495427675058
4282-YMKNA,Month-to-month,74.75,9,1,0.5618508463271066
3158-MOERK,Month-to-month,96.0,2,1,0.8446600631117822
4361-JEIVL,Month-to-month,44.4,1,1,0.5183955140126653
4134-BSXLX,Month-to-month,60.9,28,0,0.09966586702793664
6814-ZPWFQ,One year,25.0,51,0,0.061329170854977466
6173-ITPWD,Month-to-month,83.35,47,1,0.4118070223980171
9239-ZBZZV,Month-to-month,47.95,6,1,0.5397339710044121
1122-YJBCS,One year,53.65,69,0,0.07198347617720849
2452-SNHFZ,Month-to-month,75.45,47,0,0.2542268672430062
8984-HPEMB,Two year,118.65,71,0,0.08070783011030931
3186-BAXNB,Month-to-month,91.7,1,1,0.6106964783105301
7563-BIUPC,Month-to-month,80.6,5,1,0.6986496634598636
2525-GVKQU,Two year,20.6,60,0,0.00189126445667773
0058-EVZWM,Month-to-month,89.8,55,0,0.32112802318243794
8979-CAMGB,One year,102.1,64,0,0.31271489242626954
0254-WWRKD,One year,50.55,67,0,0.03927151076553696
9526-BIHHD,Month-to-month,29.7,1,0,0.3900805812832953
7486-KSRVI,One year,100.0,43,1,0.43092162914674875
3536-IQCTX,Month-to-month,85.3,32,1,0.5125506688811619
2272-UOINI,Month-to-month,78.5,7,0,0.3332673096775678
1670-SVOWZ,Month-to-month,89.65,14,0,0.3631351711234052
8015-IHCGW,Two year,115.5,72,0,0.010590115813460843
5922-ABDVO,Month-to-month,89.65,19,1,0.4154670869779234
9800-OUIGR,Two year,20.0,66,0,0.0009071646542372538
8150-QUDFX,Month-to-month,19.85,2,0,0.15896253943429411
5091-HFAZW,Month-to-month,91.15,2,1,0.5746770661030149
5140-FOMCQ,One year,109.15,59,0,0.17184111598730528
2351-RRBUE,One year,20.65,7,0,0.09815646257941905
1379-FRVEB,Month-to-month,91.0,15,0,0.3682852342213868
1060-ENTOF,One year,105.4,67,0,0.13295393568546576
2080-SRCDE,Month-to-month,25.4,1,0,0.22724845307452046
1074-WVEVG,One year,20.35,59,0,0.028115549310160068
5423-BHIXO,Month-to-month,54.2,32,0,0.20297462957971
8486-AYEQH,Month-to-month,76.05,31,1,0.5319393257272517
9574-RKJIF,Month-to-month,94.4,30,1,0.4555070110229273
4559-UWIHT,Month-to-month,82.65,14,1,0.6846404474907197
9944-HKVVB,Month-to-month,95.1,3,1,0.6751085440868638
3810-DVDQQ,Two year,117.6,72,0,0.023158446175908853
6620-JDYNW,Month-to-month,60.6,18,0,0.25646969252718055
1658-XUHBX,Month-to-month,88.75,59,0,0.12238447841771687
2239-CGBUZ,One year,60.5,51,0,0.06636130908638802
0463-WZZKO,Month-to-month,20.75,3,0,0.12611409323080738
7841-FCRQD,One year,53.75,33,0,0.1224150397022635
4560-WQAQW,One year,68.7,59,0,0.06195049500876126
0310-VQXAM,Month-to-month,19.85,9,0,0.14490410016414787
2606-PKWJB,One year,40.25,40,0,0.027898295973155723
0519-DRGTI,Month-to-month,20.35,20,0,0.021535932131590763
3090-LETTY,Month-to-month,60.95,2,0,0.3300544640111633
1460-UZPRJ,Two year,19.95,60,0,0.003482415075805051
6168-WFVVF,Month-to-month,70.3,3,1,0.6359859496357844
3508-VLHCZ,Two year,90.55,71,0,0.0007602639484427555
6366-XIVKZ,Month-to-month,63.15,13,0,0.13822720057286456
8837-VVWLQ,Month-to-month,84.95,8,1,0.5336817731626122
9040-KZVWO,One year,75.5,26,0,0.17260187849224085
8631-NBHFZ,Two year,79.4,66,0,0.03579481352955354
7629-WIXZF,One year,59.1,7,0,0.18412954438921478
2920-RNCEZ,Month-to-month,69.95,1,1,0.5629093818245554
6818-WOBHJ,Month-to-month,89.6,68,0,0.3824992222650522
6719-OXYBR,Month-to-month,85.3,15,1,0.5372786470275294
5378-IKEEG,Month-to-month,35.75,1,1,0.6793909194014298
9629-NHXFW,Month-to-month,19.4,1,0,0.37797976676780953
7860-KSUGX,Two year,64.45,72,0,0.0314975913240895
8314-HTWVE,Two year,19.85,7,0,0.027261997200372267
4163-HFTUK,One year,19.1,51,0,0.07138645622529866
2984-MIIZL,Month-to-month,74.8,4,1,0.5493362132967453
7673-LPRNY,One year,78.55,23,0,0.1833373027388915
2077-DDHJK,Two year,70.9,68,0,0.03349780224046395
5527-ACHSO,Month-to-month,70.5,11,0,0.2975926744033364
8225-BTJAU,Month-to-month,79.25,10,1,0.5718492567528086
5859-HZYLF,Two year,19.15,26,0,0.014565868751582325
3219-JQRSL,Two year,89.1,72,0,0.06342903766303022
4994-OBRSZ,Two year,76.1,14,0,0.042244200244200246
8069-YQQAJ,Month-to-month,31.1,14,0,0.34698071317837575
3144-AUDBS,Month-to-month,49.15,6,1,0.4627194329215522
5756-JYOJT,One year,64.9,11,0,0.1458220788919177
9495-SKLKD,Month-to-month,95.95,45,0,0.08679808210185345
5696-QURRL,Month-to-month,45.05,1,1,0.5700793744587124
9624-EGDEQ,Two year,19.8,37,0,0.004207057899982956
6362-QHAFM,One year,108.3,42,1,0.45332550668323207
9209-NWPGU,One year,65.4,44,0,0.07914487011068991
5317-FLPJF,Two year,61.35,66,0,0.014433609109024444
2592-SEIFQ,Month-to-month,24.75,3,1,0.5307665970587047
2673-ZALNP,One year,19.9,7,0,0.038667597202187445
5485-ITNPC,Two year,85.9,66,0,0.016876081112420026
8780-RSYYU,Month-to-month,19.2,25,0,0.05980285433713863
2040-XBAVJ,Two year,114.45,72,0,0.008312279521794518
0234-TEVTT,One year,45.0,48,0,0.01746218487394958
7028-DVOIQ,Month-to-month,99.05,35,1,0.6765834842873081
0114-PEGZZ,Month-to-month,107.55,33,1,0.5001915823022736
9929-PLVPA,Month-to-month,20.4,4,0,0.10954642294390293
8201-AAXCB,Month-to-month,60.35,25,0,0.08153528143600659
3192-LNKRK,Month-to-month,84.05,34,0,0.07221280682395234
8207-VVMYB,Two year,26.0,70,0,0.0015247884677306628
2160-GPFXD,Two year,65.65,54,0,0.008434935395673936
2250-IVBWA,Month-to-month,81.05,64,0,0.11677255778411874
7206-PQBBZ,Month-to-month,70.2,11,1,0.5623006468470946
0230-WEQUW,Two year,56.6,66,0,0.02295997007452446
7695-PKLCZ,Two year,20.5,68,0,0.0034495977900110635
7409-JURKQ,One year,111.8,53,0,0.22565415679081763
5542-DHSXL,Month-to-month,54.7,4,0,0.2961388748200195
5935-FCCNB,Month-to-month,94.2,17,1,0.6791276348818225
1442-BQPVU,Month-to-month,29.15,13,0,0.34186545190846895
5930-GBIWP,Two year,81.5,69,0,0.028195454236231647
0983-TATYJ,One year,51.45,33,0,0.10472135902385343
1428-IEDPR,Two year,109.3,52,0,0.23126409918158825
9602-WCXPI,One year,20.15,50,0,0.03197577282622294
1271-UODNO,Two year,53.85,39,0,0.08165854608438554
3323-CPBWR,Month-to-month,96.9,23,0,0.3890270869395101
4622-YNKIJ,Two year,88.95,33,0,0.20727219904873592
4002-BQWPQ,Month-to-month,81.75,25,0,0.11826937944688581
1929-ZCBHE,One year,40.3,47,0,0.01884134835011127
8717-VCTXJ,One year,19.55,42,0,0.031015680931573923
5519-NPHVG,Month-to-month,94.2,12,1,0.763638649260771
0811-GSDTP,Month-to-month,30.15,13,0,0.24886102899145102
1866-ZSLJM,Month-to-month,20.5,21,0,0.06404500937959222
5906-CVLHP,One year,54.15,45,0,0.11505457112645191
5597-GLBUC,Month-to-month,85.45,1,1,0.8497046828160939
1930-BZLHI,One year,20.35,21,0,0.026360367383521367
7670-ZBPOQ,One year,61.05,58,0,0.04563325731181133
4566-GOLUK,Month-to-month,107.35,47,1,0.40300172016336455
6888-SBYAI,Month-to-month,50.7,1,1,0.43325951687089065
6485-QXWWE,Two year,26.0,62,0,0.005014485514485514
3629-ZNKXA,Month-to-month,101.8,17,1,0.5786677988524568
1552-CZCLL,Month-to-month,20.0,55,0,0.03429147710909175
8337-MSSXB,Month-to-month,86.3,14,1,0.5330630774798114
7470-DYNOE,One year,61.1,53,0,0.18412798381939444
0133-BMFZO,Month-to-month,86.25,2,1,0.44887071183431
8410-BGQXN,Month-to-month,19.4,4,0,0.1249100139552228
1228-FZFRV,Month-to-month,105.95,50,0,0.32965693592427026
2121-JAFOM,Two year,115.55,72,0,0.02295055687906349
6794-HKIAJ,Month-to-month,90.7,62,0,0.18576575366461628
3404-JNXAX,Month-to-month,80.75,51,0,0.17276738124508625
9367-OIUXP,Month-to-month,20.7,4,0,0.1346688488951376
8992-OBVDG,Month-to-month,61.65,21,0,0.24816026947200517
6115-ZTBFQ,Two year,65.5,72,0,0.01647755494951699
3276-HDUEG,Month-to-month,75.05,1,1,0.7839498043875178
6345-HOVES,Month-to-month,25.05,34,0,0.22704222574361588
2197-OMWGI,Two year,53.0,68,0,0.1049897741147741
8627-ZYGSZ,One year,78.9,47,0,0.21965958548959696
8908-NMQTX,Two year,65.6,72,0,0.012365709509960824
8816-VXNZD,Month-to-month,75.1,1,1,0.7958533432429697
6086-ESGRL,Month-to-month,80.15,1,1,0.719711064369093
5010-IPEAQ,Two year,54.2,67,0,0.017107864357864357
9097-ZUBYC,Month-to-month,48.8,14,0,0.3159095962501666
9190-MFJLN,Month-to-month,95.9,19,1,0.45522444614608604
2478-EEWWM,Month-to-month,44.3,59,0,0.3179689376460024
0536-ACXIP,Two year,109.55,72,0,0.0910761751954886
3312-UUMZW,Month-to-month,98.85,32,1,0.5375246196389358
7153-OANIO,Month-to-month,69.95,1,1,0.7259113779222481
5575-GNVDE,One year,56.95,34,0,0.04997377161661757
2192-CKRLV,Two year,49.2,72,0,0.0872985656754997
1589-AGTLK,Month-to-month,45.35,3,1,0.5731379789550362
8434-VGEQQ,Two year,20.55,61,0,0.0026054203290511607
4813-HQMGZ,Month-to-month,90.25,8,1,0.6566002926813109
7036-TYDEC,Two year,104.0,69,0,0.2085897706858579
1215-VFYVK,Month-to-month,48.25,4,0,0.318813504946342
4742-TXUEX,Two year,19.3,47,0,0.0006518243661100804
0980-PVMRC,Month-to-month,50.85,40,0,0.09317587394407775
7876-BEUTG,Month-to-month,48.8,15,0,0.3936380792282895
3091-FYHKI,Month-to-month,35.45,1,1,0.7639114439616256
6901-GOGZG,Two year,84.95,60,0,0.005691098775952145
8042-RNLKO,One year,25.45,66,0,0.08296584957608333
5673-TIYIB,Month-to-month,40.4,2,1,0.49197429305690477
1573-LGXBA,One year,97.55,57,0,0.030566028410992114
3001-CBHLQ,Month-to-month,104.9,32,1,0.5091857307109711
3859-CVCET,Month-to-month,45.65,4,1,0.423280921069984
7025-WCBNE,Two year,59.6,47,0,0.0519594335696367
6923-EFPNL,Month-to-month,51.75,4,1,0.49714400408789067
9548-ZMVTX,Two year,90.45,72,0,0.015157109827841535
6158-HDPXZ,Month-to-month,25.35,1,1,0.4725364487793869
5061-PBXFW,Month-to-month,61.4,32,0,0.07777148086604445
1563-IWQEX,Month-to-month,19.7,12,0,0.11091195151992216
5461-QKNTN,Month-to-month,94.3,43,0,0.39142917327985716
7824-PANSQ,Month-to-month,80.65,58,0,0.2726759619853365
6128-DAFVY,Month-to-month,44.85,56,0,0.27334500917317106
5049-MUBWG,One year,75.0,26,0,0.08873551193438338
8747-UDCOI,Two year,19.35,65,0,0.008065226305252932
2088-IEBAU,Two year,88.15,68,0,0.026624999073072628
9919-KNPOO,Month-to-month,94.3,21,1,0.6660737986001659
3244-CQPHU,Two year,110.1,72,0,0.09721282603893848
5656-MJEFC,Two year,48.15,42,0,0.01895492504504873
7439-DKZTW,Month-to-month,80.55,1,1,0.8711391946024853
9108-EQPNQ,Two year,26.1,10,0,0.036083679863140705
4902-OHLSK,Month-to-month,98.65,29,1,0.40615958233787053
4872-VXRIL,One year,64.65,56,0,0.04654132403135788
4188-PCPIG,Two year,70.35,57,0,0.013503127056066024
0722-TROQR,Month-to-month,74.9,4,1,0.7046340253771944
4685-ERGHK,One year,86.9,57,0,0.3334094337514207
7537-RBWEA,Month-to-month,25.15,1,1,0.5953684975662419
1209-VFFOC,Two year,56.4,68,0,0.011329292929292932
4445-KWOKW,One year,60.15,42,0,0.04243264944179562
5370-IIVVL,One year,104.5,37,0,0.30803533496747537
2951-QOQTK,Month-to-month,80.8,4,1,0.5181843810124388
5119-NZPTV,Month-to-month,70.1,2,1,0.5984685777040043
5578-NKCXI,One year,99.25,58,0,0.03232015736456526
3279-DYZQM,Two year,19.45,71,0,0.004907164654237254
6338-AVWCY,Month-to-month,40.15,3,1,0.5610394219978464
5090-EMGTC,Two year,100.05,59,0,0.14514528962686946
9257-AZMTZ,Two year,20.1,52,0,0.0008899196042053185
9308-ANMVE,Month-to-month,55.3,47,0,0.18919385308213107
3771-PZOBW,Month-to-month,90.7,20,1,0.4739633792453402
8577-QSOCG,Two year,20.2,38,0,0.005194708798689293
7969-FFOWG,Two year,19.9,65,0,0.003482415075805051
3082-VQXNH,Month-to-month,29.8,3,1,0.44961194491924944
9689-PTNPG,Month-to-month,80.25,2,1,0.7318882921386287
7157-SMCFK,Two year,19.75,61,0,0.0034700061842918985
8270-RKSAP,Month-to-month,70.5,9,1,0.5110864154372965
4833-QTJNO,Month-to-month,83.85,67,0,0.22682904729492065
2321-OMBXY,One year,80.3,38,0,0.15962550463754135
7908-QCBCA,Month-to-month,69.4,1,1,0.7732205981144991
3764-MNMOI,Two year,19.2,46,0,0.002981049643044185
2675-IJRGJ,Two year,19.65,53,0,0.004378118377277335
8124-NZVGJ,One year,49.25,6,0,0.21771886854986877
0259-GBZSH,Month-to-month,85.65,2,1,0.7970043375850079
4695-WJZUE,Month-to-month,88.55,2,1,0.7963280944656956
0379-DJQHR,Two year,81.35,67,0,0.018436459788145624
8409-WQJUX,One year,54.2,25,0,0.09859428276339692
4312-KFRXN,Two year,25.4,72,0,0.00014285714285714284
9799-CAYJJ,Month-to-month,69.3,2,1,0.6770033104357431
7569-NMZYQ,Two year,118.75,72,0,0.02601558903305171
4529-CKBCL,Month-to-month,80.2,2,1,0.7163157852190227
8008-ESFLK,One year,110.5,53,0,0.21489562941450482
7850-THJMU,Two year,19.65,26,0,0.0010889828360554354
5150-ITWWB,Month-to-month,94.85,3,1,0.8174491053747992
2208-MPXIO,Two year,20.0,45,0,0.0014053284192464864
5371-VYLSX,Month-to-month,83.4,50,0,0.3731628797993586
0804-XBFBV,Month-to-month,25.2,11,0,0.29502837228309486
0639-TSIQW,Month-to-month,102.95,67,0,0.26365802411592626
4193-ORFCL,Month-to-month,45.1,1,1,0.5145171994536579
5299-SJCZT,Month-to-month,101.55,3,1,0.778897036334683
3422-WJOYD,One year,54.35,28,0,0.04580546317106029
8456-QDAVC,Month-to-month,78.7,19,1,0.40954962489956215
7129-AZJDE,One year,78.95,34,0,0.050484536142086575
5753-QQWPW,One year,59.9,28,0,0.06585278869840822
2798-NYLMZ,Two year,108.55,71,0,0.1685927061674696
8149-AIQCG,Month-to-month,73.15,39,0,0.36342907921991047
8623-ULFNQ,Month-to-month,66.05,26,0,0.23944905165607083
1116-FRYVH,Two year,39.4,48,0,0.007888888888888888
1470-PSXNM,One year,93.65,49,0,0.05912815356322763
2669-OIDSD,Month-to-month,100.05,48,0,0.3003860163540648
6408-WHTEF,Two year,89.4,72,0,0.00032950043482462074
2809-ZMYOQ,Month-to-month,101.35,32,1,0.6339559837833041
2474-LCNUE,Month-to-month,73.65,23,0,0.2204696846858592
5318-IXUZF,Month-to-month,87.15,2,1,0.6466491720373222
1169-WCVAK,Month-to-month,88.8,19,0,0.2831728323119602
9609-BENEA,One year,69.0,35,0,0.1449848453816108
1213-NGCUN,Month-to-month,49.65,6,0,0.38510823716543846
5276-KQWHG,Month-to-month,69.6,2,1,0.682348089935506
5914-GXMDA,One year,19.3,32,0,0.02028116130702648
8232-UTFOZ,Two year,19.95,69,0,0.0006873563218390804
2931-SVLTV,Month-to-month,110.1,40,0,0.11607232794241903
5914-DVBWJ,Month-to-month,85.45,18,1,0.47747125698507803
8378-LKJAF,Month-to-month,101.15,38,0,0.14242441607007983
1173-XZPYF,Month-to-month,89.2,11,1,0.7212707139151917
6633-MPWBS,Month-to-month,49.2,5,0,0.38972602249124433
7101-HRBLJ,Two year,83.7,72,0,0.02003020631322722
8861-HGGKB,Month-to-month,86.45,10,1,0.6354280069603012
3935-TBRZZ,One year,25.7,44,0,0.031611410284088745
8535-SFUTN,Month-to-month,106.45,61,0,0.3664885107527672
9845-PEEKO,Two year,79.2,59,0,0.12167558023460563
8220-OCUFY,One year,60.25,21,0,0.1327658464813886
7379-FNIUJ,Month-to-month,100.2,2,1,0.5951587781369441
5154-VEKBL,Month-to-month,58.5,9,0,0.2645971816842408
4054-CUMIA,Month-to-month,20.25,18,0,0.07845306490794371
8961-QDZZJ,One year,95.0,57,0,0.05064895389547664
3913-RDSJZ,Two year,25.55,64,0,0.0025224365187051755
0106-GHRQR,Month-to-month,71.4,16,0,0.28821615762066727
9442-JTWDL,One year,20.05,11,0,0.05445871185824527
1599-EAHXY,One year,23.95,60,0,0.008080123073273758
0556-FJEGU,Two year,70.1,58,0,0.019526906396095497
0080-OROZO,One year,99.25,35,0,0.3671809614976577
8049-WJCLQ,Month-to-month,60.2,10,0,0.15988882056865475
1027-LKKQQ,Two year,80.45,72,0,0.009921539693654646
9932-WBWIK,Month-to-month,20.35,11,0,0.12826775978983204
1534-OULXE,One year,49.7,61,0,0.014443301403867839
6481-OGDOO,One year,90.6,67,0,0.1474619461564051
9514-JDSKI,Month-to-month,40.2,1,1,0.6079509990273577
2388-LAESQ,Two year,114.85,72,0,0.030879985870390526
4789-KWMXN,One year,110.85,47,0,0.17150451947194895
5150-LJNSR,One year,98.05,31,0,0.029754598423536227
2150-OEGBV,One year,20.1,27,0,0.028588875665196273
8337-UPOAQ,Month-to-month,89.8,10,1,0.7059973052289423
0096-BXERS,Month-to-month,50.35,6,1,0.44036379651088015
8878-HMWBV,Month-to-month,49.15,3,1,0.5906208143938716
4801-KFYKL,Month-to-month,19.45,8,0,0.11242973854219303
8945-GRKHX,Month-to-month,78.65,1,1,0.815057878947112
0257-KXZGU,Month-to-month,62.45,32,0,0.08616505689504303
1179-INLAT,One year,19.45,3,0,0.0902941906161563
5872-OEQNH,One year,44.45,60,0,0.0749889903189807
4854-SSLTN,Two year,59.5,2,0,0.11186058647013063
3902-FOIGH,Month-to-month,101.35,12,1,0.7371809077406526
5736-YEJAX,Two year,79.45,69,0,0.016504818554390458
2240-HSJQD,Month-to-month,81.85,38,0,0.2059564500611474
5919-TMRGD,Month-to-month,79.35,1,1,0.6673421256697335
3657-COGMW,Month-to-month,108.1,52,0,0.322619193736762
7639-OPLNG,Two year,79.25,70,0,0.00934159699877942
5448-VWNAM,Month-to-month,75.9,19,0,0.13550868888628123
1740-CSDJP,Month-to-month,35.25,1,1,0.6857490635828634
8058-JMEQO,Month-to-month,84.45,9,1,0.6974059094193747
4828-FAZPK,Month-to-month,79.95,16,0,0.21788931863734606
2754-XBHTB,Month-to-month,77.65,9,1,0.5841007703531718
0076-LVEPS,Month-to-month,45.0,29,0,0.12979148777198019
8169-SAEJD,Two year,56.55,69,0,0.0917274845603774
0581-MDMPW,Month-to-month,88.95,24,1,0.4749073071240148
5780-INQIK,Month-to-month,49.4,8,0,0.38218993183786987
7812-FZHPE,Month-to-month,24.1,17,0,0.03372990731687904
8309-PPCED,Two year,110.45,72,0,0.11100247985868555
3873-NFTGI,Month-to-month,55.5,14,0,0.34091371152184285
0772-GYEQQ,Month-to-month,88.35,3,1,0.5105097075764357
0378-TOVMS,Month-to-month,85.8,3,1,0.5596792140435555
0489-WMEMG,One year,49.45,23,0,0.09242128966386474
5365-LLFYV,Month-to-month,45.85,2,1,0.5563678812314172
9847-HNVGP,One year,19.95,17,0,0.021352447687936208
9172-ANCRX,Month-to-month,98.7,10,1,0.6945285291225625
9279-CJEOJ,Month-to-month,95.4,21,1,0.5528512675584991
1839-UMACK,One year,25.05,42,0,0.12003893654795716
4803-LBYPN,Month-to-month,20.8,34,0,0.02997257048688235
8564-LDKFL,One year,106.0,40,0,0.3010215915526696
0239-OXEXL,Month-to-month,84.25,46,0,0.2410407157462731
8919-FYFQZ,Month-to-month,30.35,44,0,0.3218818585781789
7963-SHNDT,Two year,39.1,52,0,0.014879630997219642
0749-IRGQE,Month-to-month,45.3,13,1,0.44299431075399454
7078-NVFAM,Month-to-month,35.15,32,0,0.1745018964767953
3635-QQRQD,Two year,20.05,62,0,0.0018139017013079984
8200-KLNYW,One year,80.9,21,0,0.17748410538515308
0620-DLSLK,Month-to-month,81.9,13,1,0.55234589713874
4774-HHGGS,Two year,19.05,30,0,0.010688002539145152
4720-VSTSI,Month-to-month,84.8,44,0,0.39254033090765994
7551-DACSP,Month-to-month,55.3,6,0,0.22002630395502276
8329-UTMVM,One year,104.65,27,0,0.3502474684329197
1088-AUUZZ,Two year,75.85,56,0,0.005571428571428572
0463-ZSDNT,Month-to-month,56.75,10,0,0.34669334061710105
2856-HYAPG,Month-to-month,68.65,1,1,0.733753365384195
9891-NQDBD,One year,25.55,28,0,0.0350308599184908
2931-XIQBR,One year,103.05,50,0,0.03830975551961875
1069-QJOEE,One year,19.9,25,0,0.00992048693144562
4315-MURBD,Month-to-month,98.9,12,1,0.6147548265996914
2225-ZRGSG,Two year,93.9,70,0,0.031501948434166586
1131-QQZEB,Two year,23.95,71,0,0.0031313131313131315
0617-FHSGK,Month-to-month,75.2,49,0,0.3665173175049047
1658-BYGOY,Month-to-month,95.45,18,0,0.33055911983671554
2305-MRGLV,Month-to-month,76.55,28,0,0.28940339720098934
1116-DXXDF,Two year,100.45,39,0,0.25033705948214324
2446-PLQVO,Month-to-month,70.3,1,1,0.7560961749653353
8390-FESFV,Two year,84.5,62,0,0.020565989520269206
5985-BEHZK,One year,105.0,72,0,0.22893443180583117
7560-QJAVJ,Two year,79.6,70,0,0.021561094528842473
7825-GKXMW,Month-to-month,45.8,1,1,0.5247535923886462
1025-FALIX,Month-to-month,69.05,26,0,0.3451465624269632
8205-MQUGY,Month-to-month,49.2,12,0,0.2412368988347819
0871-URUWO,Month-to-month,102.25,13,1,0.6425960951987294
6723-WSNTY,One year,108.1,66,0,0.19121388903149236
8800-ZKRFW,Month-to-month,107.5,30,0,0.18571309212564124
3275-RHRNE,One year,60.0,28,0,0.07735602105402613
3841-NFECX,Two year,96.35,71,0,0.03378329081776574
7598-UAASY,Month-to-month,76.4,2,1,0.666507660689923
3716-UVSPD,Month-to-month,49.3,1,1,0.5120649541724095
7989-VCQOH,Month-to-month,83.25,18,0,0.14856901211524445
6100-FJZDG,One year,20.05,26,0,0.02210199619128984
7548-SEPYI,Month-to-month,96.25,5,1,0.6665065668409028
8708-XPXHZ,Month-to-month,94.2,42,1,0.6255252652759067
1329-VHWNP,Month-to-month,25.05,7,0,0.38431206790829636
8619-IJNDK,Two year,64.05,71,0,0.028629728580586405
5650-YLIBA,Month-to-month,81.15,31,1,0.5355639547819474
5797-APWZC,Month-to-month,90.6,1,1,0.839149849455983
5729-KLZAR,Month-to-month,80.85,4,1,0.6648932135425908
9601-BRXPO,Month-to-month,104.95,25,1,0.4917541120583179
4195-PNGZS,Two year,24.45,69,0,0.00012987012987012987
8625-AZYZY,Month-to-month,104.65,24,1,0.6700906552642798
0607-DAAHE,Two year,19.75,53,0,0.004378118377277335
1196-AMORA,Month-to-month,73.6,7,1,0.5349718036211677
0195-IESCP,Month-to-month,85.25,10,1,0.6913180502863412
8800-JOOCF,Month-to-month,84.05,12,1,0.524858508928617
3739-YBWAB,One year,35.35,36,0,0.043712899346007174
4130-MZLCC,Month-to-month,50.55,5,0,0.38194732904202605
4544-RXFMG,One year,43.45,8,0,0.11345296921827613
6352-TWCAU,Month-to-month,86.45,35,1,0.5829754765072511
5130-YPIRV,Two year,72.0,62,0,0.019176754819349516
6650-BWFRT,Two year,117.15,72,0,0.042618938458903396
9361-YNQWJ,One year,24.4,64,0,0.03909376465100205
6097-EQISJ,One year,102.45,66,0,0.2554855838097306
0868-VJRDR,Two year,104.05,64,0,0.12822647962063638
5630-IXDXV,Month-to-month,106.35,47,1,0.5387785145087832
4785-FCIFB,Two year,24.4,61,0,0.01636724171351037
6203-HBZPA,Two year,63.9,52,0,0.022146683528293427
7508-KBIMB,One year,56.25,24,0,0.027879937084551686
8445-DNBAE,Month-to-month,50.05,1,1,0.5274993975062988
6994-FGRHH,One year,106.15,70,0,0.04610754871446225
7717-BICXI,Two year,20.55,60,0,0.0012461477050847115
5854-KSRBJ,Two year,25.4,70,0,0.00012987012987012987
0872-JCPIB,Month-to-month,65.75,17,0,0.28173203503655864
7993-NQLJE,Month-to-month,75.1,15,0,0.1940271239277514
8063-GBATB,Month-to-month,85.25,27,1,0.6078004207677502
4343-EJVQB,Month-to-month,74.35,7,0,0.38722098999537125
3646-ITDGM,Two year,19.7,56,0,0.003106568636658108
6546-OPBBH,One year,23.95,51,0,0.007313034606185292
9818-XQCUV,Month-to-month,20.35,2,0,0.15258912252165102
2830-LEWOA,One year,103.9,61,0,0.0501017622002329
9057-MSWCO,Month-to-month,30.75,27,0,0.2177576518880198
5019-GQVCR,Month-to-month,84.85,43,1,0.5544875172856303
1268-ASBGA,Month-to-month,85.35,16,1,0.6387632346663604
4274-DRSQT,One year,88.9,66,0,0.19670223073786208
6738-ISCBM,One year,54.0,44,0,0.09964328704432111
9835-ZIITK,One year,110.85,66,0,0.2753374095815061
7665-VIGUD,One year,20.35,10,0,0.039344211791816096
7813-TKCVO,One year,20.35,20,0,0.021099976900035632
2364-UFROM,One year,70.4,30,0,0.10762259329644014
3132-TVFDZ,Month-to-month,44.85,57,0,0.33948820049816014
6941-KXRRV,One year,58.95,48,0,0.2147580149976517
3966-HRMZA,Month-to-month,75.05,3,1,0.6153321094616006
6339-DKLMK,Month-to-month,31.65,13,1,0.41800821150480383
5453-YBTWV,Two year,101.1,70,0,0.01394341513037757
5275-SQEIZ,Month-to-month,80.85,1,1,0.7550949367305198
7359-SSBJK,Two year,70.2,64,0,0.03966592396179856
4367-NHWMM,Month-to-month,24.9,1,1,0.5911992762296385
4945-RVMTE,Month-to-month,59.55,28,0,0.18831811050804237
2504-DSHIH,Month-to-month,86.8,23,1,0.5298150889994251
7665-NKLAV,Two year,40.65,36,0,0.038452053004684586
0117-LFRMW,Month-to-month,40.2,37,0,0.06639568754583748
3429-IFLEM,Two year,77.35,71,0,0.015125182027428203
2874-YXVVA,Month-to-month,105.1,34,0,0.3967666746328154
7517-SAWMO,Month-to-month,73.2,19,1,0.4276932548826104
3511-APPBJ,One year,99.95,23,0,0.21377779546371406
9360-AHGNL,One year,109.55,43,0,0.20515751347408998
5321-NTRKC,Two year,79.85,66,0,0.02829837977841478
8328-SKJNO,One year,40.65,23,0,0.05401983713782452
0925-VYDLG,Month-to-month,75.25,3,1,0.6387002260519159
5712-PTIWW,Month-to-month,79.85,2,1,0.5381081629908955
9894-QMIMJ,One year,55.8,23,0,0.09214794137361279
8380-MQINP,Two year,20.3,55,0,0.001427965886902893
7854-EDSSA,Month-to-month,59.0,22,0,0.17733788725254615
9134-CEQMF,Month-to-month,89.5,7,1,0.6910043379939356
8980-WQFWL,Month-to-month,62.1,35,0,0.27245827772645037
6175-IRFIT,Month-to-month,78.75,5,1,0.5429655861567602
3156-QLHBO,Month-to-month,19.25,2,0,0.10834166855505466
4598-XLKNJ,Month-to-month,98.5,25,0,0.14384816066064532
7672-VFMXZ,Month-to-month,55.7,57,0,0.15289956709542585
5924-SNGKP,One year,20.25,41,0,0.020128769341947957
8174-TBVCF,Two year,94.8,70,0,0.0409915610820183
4612-SSVHJ,Month-to-month,81.45,20,1,0.5068221905404497
9776-OJUZI,Month-to-month,95.45,65,1,0.4299627162510285
3258-ZKPAI,Two year,116.6,72,0,0.02066737292782298
6416-JNVRK,One year,55.65,46,0,0.13837455169202323
9720-JJJOR,One year,60.3,41,0,0.060166153065656515
1980-KXVPM,Month-to-month,75.05,3,1,0.6942234565705264
5233-GEEAX,Month-to-month,29.4,8,1,0.547174134530923
4188-FRABG,Month-to-month,103.05,57,0,0.32912698886428626
6339-TBELP,Two year,86.4,71,0,0.11991725061321029
8510-TMWYB,Two year,59.8,54,0,0.013679473752054395
1752-OZXFY,One year,59.8,60,0,0.0997232587590206
0839-QNXME,Two year,19.4,30,0,0.0017943594872845442
3387-VATUS,Month-to-month,94.85,5,1,0.7739432011692466
8969-PRHFK,One year,19.65,18,0,0.014564775264040875
7064-FRRSW,One year,99.0,48,0,0.3130368511268423
2070-XYMFH,Month-to-month,79.35,23,1,0.49466214820372256
0114-IGABW,Two year,58.25,71,0,0.0346630774050083
1629-DQQVB,Month-to-month,50.1,14,0,0.25066923991289
0953-LGOVU,Month-to-month,35.5,12,0,0.15771462392343788
9470-YFUYI,One year,71.0,71,0,0.08904033711736636
4396-KLSEH,Month-to-month,19.85,4,0,0.15509240464794144
8859-DZTGQ,Two year,20.35,33,0,0.003718014591852703
6050-IJRHS,One year,106.5,70,0,0.04728376144968788
6234-RAAPL,Two year,99.9,72,0,0.053322811257891144
2645-QTLMB,Month-to-month,94.25,7,1,0.6327487918302265
4342-HENTK,Month-to-month,70.65,2,1,0.6624533169848192
4884-TVUQF,Two year,101.3,57,0,0.08447254104696772
3283-WCWXT,Two year,25.4,6,0,0.017953456430001055
0829-XXPLX,Month-to-month,89.4,20,0,0.34881564403443255
3167-SNQPL,Month-to-month,101.15,38,0,0.16409950402586465
1571-SAVHK,Month-to-month,99.95,12,1,0.5760339294588429
0164-APGRB,Two year,114.9,72,0,0.0585944112937655
5325-UWTWJ,Month-to-month,90.55,31,0,0.2548378974858334
4289-DTDKW,Month-to-month,101.3,40,1,0.5874891001230929
4508-OEBEY,One year,75.5,31,0,0.14311779064978158
1370-GGAWX,One year,94.15,46,0,0.2214047910705875
8967-SZQAS,Month-to-month,50.45,14,0,0.25982218017608444
9603-OAIHC,Month-to-month,70.05,1,1,0.7512521602560104
1596-OQSPS,Month-to-month,51.1,11,0,0.2545137279905983
6692-YQHXC,Month-to-month,69.95,16,0,0.38328997298006423
4355-HBJHH,Two year,79.7,67,0,0.05122103467538237
9140-CZQZZ,Two year,79.6,68,0,0.039177240786923175
7975-TZMLR,One year,103.1,47,0,0.3724354565963221
1699-TLDLZ,Two year,19.7,16,0,0.009826762212528487
5296-BFCYD,Two year,20.1,46,0,0.0027177517279822223
9793-WECQC,Month-to-month,95.3,23,1,0.40428374163936703
9424-CMPOG,Two year,19.6,9,0,0.008868397642277405
8395-ETZKQ,One year,19.5,68,0,0.01238244214844865
9194-GFVOI,Two year,84.35,42,0,0.037196963321428606
3030-YZADT,Month-to-month,44.95,9,0,0.3136562981817282
7096-ZNBZI,Two year,26.45,72,0,0.0019724365187051753
1803-BGNBD,Month-to-month,54.3,12,0,0.27427938482915837
0674-EYYZV,Month-to-month,54.65,1,1,0.556359327736372
1177-XZBJL,One year,64.15,53,0,0.02221818177535806
9840-EFJQB,Month-to-month,74.35,1,1,0.7059686015004334
1866-OBPNR,Month-to-month,74.6,1,1,0.4805490982358178
9867-JCZSP,One year,20.75,17,0,0.019512406872024417
1580-BMCMR,Month-to-month,87.3,19,1,0.45575734857181144
2642-DTVCO,Month-to-month,85.05,9,1,0.6702912995536551
5550-VFRLC,Month-to-month,69.85,1,1,0.7751356007415302
3452-GWUIN,Month-to-month,94.95,19,1,0.6658948241883169
2223-GDSHL,Two year,116.05,71,0,0.011568888079338133
1215-FIGMP,Month-to-month,89.9,60,0,0.36484617169853384
4958-GZWIY,Month-to-month,48.7,7,1,0.4324358197587442
3099-OONVS,Month-to-month,54.3,25,0,0.10891549444736665
6502-HCJTI,Month-to-month,94.7,7,1,0.4992974031914362
8058-INTPH,Month-to-month,79.65,1,1,0.8407986330465751
3714-JTVOV,Month-to-month,74.15,42,0,0.3560342771168945
8197-BFWVU,Two year,93.25,72,0,0.04795859934014974
1998-VHJHK,One year,19.15,27,0,0.013727262049824007
9874-QLCLH,Month-to-month,104.2,17,1,0.6264194905240091
1101-SSWAG,Month-to-month,51.1,15,1,0.4125475113225546
3896-ZVNET,Two year,24.7,24,0,0.006266233766233766
3823-KYNQY,One year,24.95,12,0,0.08285292868995374
7781-HVGMK,Two year,65.2,72,0,0.016497783146960567
6461-SZMCV,Two year,87.95,71,0,0.017529004959001056
1492-QGCLU,Month-to-month,85.7,53,0,0.0857286211680424
3397-AVTKU,Two year,60.0,43,0,0.13148060427862251
2208-NQBCT,Month-to-month,81.95,26,0,0.11081521296358784
5028-GZLDO,Month-to-month,70.7,2,1,0.56513920910275
9904-EHEVJ,Month-to-month,91.35,32,0,0.11870808939310057
8901-HJXTF,Month-to-month,29.2,12,0,0.2670290330569879
7377-DMMRI,Month-to-month,47.8,2,1,0.5402837377238767
1904-WAJAA,Two year,64.35,24,0,0.030803511711830888
7982-VCELR,Month-to-month,94.8,36,0,0.3641000623546758
7449-HVPIV,Month-to-month,90.4,55,0,0.0935098043054493
8879-XUAHX,Two year,116.25,71,0,0.053651663833044184
3494-JCHRQ,Month-to-month,70.05,1,1,0.7701663532837121
1319-YLZJG,Month-to-month,84.6,12,1,0.5578762497443944
2560-QTSBS,One year,23.3,72,0,0.009826262626262627
5565-FILXA,Month-to-month,96.15,16,1,0.7312359967083303
0013-MHZWF,Month-to-month,69.4,9,0,0.2666433325831595
8646-JCOMS,One year,90.55,66,0,0.07688092777638995
3658-QQJYD,One year,74.3,62,0,0.13914491313634655
4877-EVATK,Month-to-month,20.0,1,0,0.29654543737185757
1194-SPVSP,Month-to-month,19.65,1,0,0.2783972847076777
6734-PSBAW,Two year,23.55,72,0,0.0040683241712477095
3605-JISKB,One year,60.0,55,0,0.08931904334652793
5552-ZNFSJ,Month-to-month,45.3,1,1,0.5708149276988644
4566-NECEV,Month-to-month,96.55,5,1,0.6325002872748565
8182-BJDSI,Month-to-month,89.95,28,1,0.5442753262897366
9677-AVKED,One year,84.6,53,0,0.07672493902257736
8755-IWJHN,Month-to-month,95.35,69,0,0.3855791325733218
3450-WXOAT,Month-to-month,45.2,46,0,0.20944746962750851
2739-CACDQ,Month-to-month,82.65,17,1,0.5498299730297314
3538-WZPHD,Month-to-month,29.6,3,1,0.5964567270152702
2607-DHDAK,Two year,19.8,72,0,0.005501893454848408
4589-IUAJB,Two year,24.25,70,0,0.002761111111111111
1850-AKQEP,Month-to-month,20.35,8,0,0.07134356976700565
0794-YVSGE,Two year,20.3,72,0,0.0007081014223871367
0485-ZBSLN,Two year,24.75,65,0,0.00012987012987012987
1981-INRFU,Month-to-month,79.75,2,1,0.7316028480943209
0564-JJHGS,Month-to-month,95.5,9,1,0.756207367816961
2101-RANCD,Month-to-month,73.1,55,1,0.4395896320409345
0536-BGFMZ,Month-to-month,20.5,28,0,0.07559412364456097
1343-EHPYB,Month-to-month,103.4,63,1,0.4624402164201449
0618-XWMSS,Month-to-month,74.9,28,0,0.27918162700865506
6980-CDGFC,One year,20.85,67,0,0.03845624182916628
2692-BUCFV,Month-to-month,101.45,29,1,0.4824464593761366
7129-ACFOG,Month-to-month,53.8,5,1,0.43092490146786455
2546-KZAAT,One year,75.4,52,0,0.15472651175047308
8242-SOQUO,Month-to-month,84.7,5,1,0.6129123920719158
9691-HKOVS,One year,90.15,55,0,0.08841507528537054
2509-TFPJU,Two year,25.75,72,0,0.001742857142857143
0877-SDMBN,One year,103.95,54,0,0.1870008336474822
3138-BKYAV,Month-to-month,85.35,6,1,0.6217430817863124
4549-ZDQYY,One year,57.95,52,0,0.09578310798461168
0754-EEBDC,Two year,19.9,4,0,0.01732392021080923
6859-QNXIQ,Two year,113.1,72,0,0.0052036658141517474
3488-PGMQJ,Month-to-month,74.5,8,1,0.5201211215738906
0074-HDKDG,One year,61.6,25,0,0.05992513662951813
1172-VIYBP,Two year,69.7,53,0,0.014240052510213798
5858-EAFCZ,Month-to-month,44.45,1,1,0.49403657928511646
4987-GQWPO,Month-to-month,25.1,17,0,0.20696884218446104
6972-SNKKW,Month-to-month,20.0,6,0,0.1177868693349666
4807-IZYOZ,Two year,20.65,51,0,0.010300100105189575
7722-VJRQD,Two year,60.95,72,0,0.026089041391787107
5231-FIQPA,Two year,19.85,41,0,0.01915118706570386
1320-GVNHT,Two year,108.4,72,0,0.026828044395691454
5176-OLSKT,Two year,66.9,66,0,0.02545934384805149
0082-OQIQY,Month-to-month,94.2,29,0,0.3558106201943921
7898-PDWQE,Two year,80.4,71,0,0.020227482669409894
6711-FLDFB,Month-to-month,74.9,7,1,0.6095579442868686
7504-UWHNB,Month-to-month,69.75,25,1,0.4151529768539221
7632-MNYOY,One year,110.9,66,0,0.19083547623878883
7110-BDTWG,Two year,47.05,71,0,0.1450569849598561
3134-DSHVC,Two year,98.0,63,0,0.09556745819484404
7542-CYDDM,Month-to-month,20.05,18,0,0.07640411094515702
5921-NGYRH,Month-to-month,73.55,64,0,0.2670269726479138
5304-EFJLP,Two year,111.65,72,0,0.135125245063494
4335-UPJSI,Two year,19.75,24,0,0.0034700061842918985
2027-WKXMW,Month-to-month,108.75,63,0,0.27249955848461793
3808-HFKDE,Month-to-month,44.35,20,0,0.3371484504938815
5433-KYGHE,Month-to-month,86.0,14,0,0.3241203421635799
7566-DSRLQ,Two year,110.15,72,0,0.12156094507635029
2368-GAKKQ,Two year,113.65,70,0,0.08805439461949902
1867-TJHTS,Month-to-month,79.8,58,0,0.2568777326840136
7472-EQOAV,One year,86.7,71,0,0.029787271938587725
3585-YNADK,One year,74.6,57,0,0.06983472871095586
0347-UBKUZ,Month-to-month,19.9,15,0,0.07456068437912186
7145-FEJWU,Month-to-month,105.3,12,1,0.43198140449041694
5732-IKGQH,One year,104.45,52,0,0.2430051883483671
2657-VPXTA,Month-to-month,88.85,10,0,0.3033851303091789
9101-BWFSS,One year,108.55,50,0,0.24085991380525493
8718-PTMEZ,Month-to-month,31.05,13,1,0.4167582115048038
4957-SREEC,Two year,20.35,70,0,0.001145259892332492
7047-FWEYA,One year,103.15,46,0,0.3374899897940225
2884-GBPFB,Month-to-month,70.3,35,1,0.5074407152566959
2990-IAJSV,Two year,92.0,72,0,0.02827208986524219
1891-UAWWU,Month-to-month,90.8,20,1,0.5289435214131905
9644-UMGQA,Month-to-month,49.15,6,0,0.2875925517785917
2307-FYNNL,Two year,109.05,65,0,0.1539407936020419
3178-CIFOT,One year,19.65,23,0,0.02261422363860915
6365-MTGZX,Month-to-month,96.0,24,0,0.3789023639336105
7696-CFTAT,Two year,19.8,37,0,0.0004700061842918986
5716-EZXZN,Two year,99.05,65,0,0.07718550693612478
7577-SWIFR,Month-to-month,89.25,1,1,0.8975499628546888
5993-JSUWV,Two year,61.15,66,0,0.026456317901760222
8777-MBMTS,Two year,105.85,65,0,0.11016423280102923
3638-DIMPH,One year,43.8,13,0,0.206423461637483
5108-ADXWO,Month-to-month,73.5,11,1,0.44029734283716104
4393-GEADV,Two year,114.75,70,0,0.010572464800611612
8999-BOHSE,Month-to-month,89.7,11,1,0.5854358549002803
6179-GJPSO,Month-to-month,108.15,43,0,0.3038383826598529
4291-YZODP,One year,20.05,7,0,0.02444907150642038
2335-GSODA,Two year,40.1,23,0,0.023610311021295002
4680-KUTAJ,Month-to-month,55.6,11,1,0.46366186689009026
0813-TAXXS,Two year,77.8,55,0,0.061624132370393936
1840-BIUOG,One year,68.7,20,0,0.19539569485884234
4808-YNLEU,One year,62.15,35,0,0.08649911138231549
5944-UGLLK,One year,54.9,53,0,0.07509604716377533
0480-BIXDE,Month-to-month,96.8,19,1,0.6140833746895474
0174-QRVVY,Two year,25.35,71,0,0.0013298701298701298
3703-VAVCL,Month-to-month,90.0,2,1,0.504271519698392
5569-IDSEY,One year,105.7,71,0,0.2515620678662233
7508-MYBOG,Month-to-month,86.1,14,1,0.6821467541911279
8313-KTIHG,Month-to-month,61.3,4,0,0.29415913428571255
0691-JVSYA,One year,94.85,53,0,0.2391012414224939
2446-BEGGB,Month-to-month,98.25,6,1,0.7658852119965509
3239-TPHPZ,Two year,20.05,12,0,0.059966519343348616
1843-TLSGD,Two year,20.85,13,0,0.006707714593480868
9274-UARKJ,Month-to-month,83.2,15,1,0.49123403563360846
2656-TABEH,Month-to-month,100.2,4,1,0.7975531947191086
4282-ACRXS,Month-to-month,24.85,38,0,0.3655421344830107
4962-CHQPW,One year,19.85,29,0,0.006160195027274996
4831-EOBFE,Month-to-month,94.65,29,0,0.3363893056252881
2898-LSJGD,One year,55.95,21,0,0.1596424644109371
7923-IYJWY,Two year,116.1,67,0,0.10631312100127095
2925-MXLSX,One year,68.95,30,0,0.12408819899039675
3096-GKWEB,Month-to-month,94.75,18,1,0.6686851451167114
5778-BVOFB,Month-to-month,59.5,9,0,0.31181699372395555
2692-PFYTJ,Month-to-month,25.75,1,0,0.3581210371257628
1697-BCSHV,Month-to-month,66.8,58,0,0.07184808482559886
8582-KRHPJ,Month-to-month,35.0,50,0,0.15727143547449887
4662-EKDPQ,Month-to-month,62.05,2,1,0.49602569687637676
1791-PQHBB,Month-to-month,61.2,2,0,0.31133042144226264
1707-HABPF,One year,91.3,46,0,0.15664301216988827
9055-MOJJJ,One year,65.8,64,0,0.010588545226703121
5975-BAICR,One year,63.7,36,0,0.03832633007089529
3316-UWXUY,Month-to-month,93.5,50,0,0.174567841995309
4550-EVXNY,Month-to-month,69.65,1,1,0.7835225538606265
0396-HUJBP,Month-to-month,19.3,2,0,0.1478090861710402
8612-GXIDD,Two year,25.4,12,0,0.029181418254947668
0323-XWWTN,Two year,26.4,3,0,0.06132483331610516
0197-PNKNK,One year,84.45,69,0,0.020772275789273938
0691-NIKRI,One year,105.95,40,0,0.25142477996682716
1984-FCOWB,One year,109.5,70,0,0.2641334304865257
5122-CYFXA,Month-to-month,75.3,3,0,0.38831638119097944
4573-JKNAE,Two year,19.35,12,0,0.04609131078683383
8624-GIOUT,Month-to-month,59.75,49,0,0.12019497502592033
0520-FDVVT,One year,102.35,35,0,0.33104474121671396
8104-OSKWT,Month-to-month,79.8,12,1,0.503251146152699
0508-OOLTO,Month-to-month,71.65,2,1,0.48297854512514227
5293-WXJAK,Month-to-month,104.05,11,1,0.6313726725174174
7407-SUJIZ,Month-to-month,20.6,25,0,0.07391271972397513
9782-LGXMC,Month-to-month,61.75,49,0,0.05953451945868272
8851-RAGOV,Month-to-month,71.05,25,0,0.11655547552988961
2542-HYGIQ,Month-to-month,19.95,1,0,0.2131493189216875
6103-QCKFX,Month-to-month,56.25,44,0,0.06428596095915806
5334-AFQJB,Two year,25.1,72,0,0.004337884332913135
1436-ZMJAN,Month-to-month,67.8,10,0,0.313813919093108
5115-SQAAU,Two year,25.6,69,0,0.0003380681818181818
0533-BNWKF,Month-to-month,85.45,55,1,0.4541363591088176
8087-LGYHQ,Month-to-month,94.05,9,1,0.7096996056954886
1208-NBVFH,Month-to-month,49.6,20,0,0.1691592549759666
8849-AYPTR,Month-to-month,91.25,33,1,0.4728265521130761
2576-HXMPA,Month-to-month,19.55,1,0,0.2081937758018818
7109-MFBYV,Month-to-month,45.45,26,0,0.24261071906099246
8016-ZMGMO,One year,70.85,66,0,0.12927348633970148
3649-JPUGY,Two year,88.6,72,0,0.056096984513886804
2927-CVULT,Two year,104.05,53,0,0.034460724460724464
2001-EWBQU,Two year,104.7,60,0,0.202279878675536
0268-QKIWO,Month-to-month,19.75,3,0,0.16978438210154226
1708-PBBOA,One year,54.75,42,0,0.10825985498307382
2985-JUUBZ,Month-to-month,74.55,40,0,0.11541899665605096
3521-SYVOR,Month-to-month,64.75,37,0,0.24336580128500432
1597-FZREH,Month-to-month,76.4,2,0,0.36158888882058854
7594-RQHXR,Month-to-month,79.6,1,1,0.8372894477475231
2720-FVBQP,Month-to-month,48.95,6,0,0.36755411735290233
0031-PVLZI,Month-to-month,20.35,4,0,0.16019797135665442
5195-KPUNQ,One year,96.75,53,0,0.17428478055135602
8515-OCTJS,Two year,24.75,25,0,0.009019354850781468
5886-VLQVU,Month-to-month,89.85,35,0,0.3318085853061911
7394-FKDNK,Month-to-month,89.45,9,1,0.6496047973567843
4588-YBNIB,Month-to-month,19.6,1,0,0.3995428565689114
1403-GYAFU,Two year,20.05,70,0,0.0009071646542372538
7284-ZZLOH,Two year,53.3,45,0,0.046856765979600666
6551-ZCOTS,One year,24.9,33,0,0.06534301666288642
6680-NENYN,Two year,104.6,43,0,0.3002654433035124
5687-DKDTV,Month-to-month,20.35,4,0,0.1262123156598693
5382-SOYZL,Month-to-month,95.1,22,1,0.6428043021583301
5445-GLVOT,Month-to-month,49.8,22,0,0.3718427124273889
7660-HDPJV,Month-to-month,69.2,1,1,0.7803909127436479
1241-EZFMJ,Two year,25.45,61,0,0.001653968253968254
5567-WSELE,Month-to-month,94.6,3,1,0.7992031004333862
2927-QRRQV,One year,94.65,46,0,0.3262813221554815
1813-JYWTO,Two year,80.45,72,0,0.04568919331701329
2342-CKIAO,Month-to-month,20.3,2,0,0.15608271226524076
9746-MDMBK,One year,113.45,47,0,0.043619293755954136
6288-CHQJB,Two year,69.95,54,0,0.04301370752310794
4580-TMHJU,Month-to-month,56.15,43,0,0.2194211985734835
1934-SJVJK,Month-to-month,20.15,1,0,0.32359305830483687
5198-EFNBM,One year,90.65,57,0,0.26601775411086725
3407-JMJQQ,Two year,109.0,71,0,0.04522205463381932
3967-VQOGC,Two year,24.9,67,0,0.0033380681818181816
5219-YIPTK,Month-to-month,104.4,33,1,0.5878116761626356
6906-ANDWJ,Month-to-month,74.9,15,1,0.5780548148726478
2293-IJWPS,One year,100.75,57,0,0.24622911799808006
3470-BTGQO,Month-to-month,45.65,21,0,0.15683232167612854
8434-PNQZX,Two year,78.45,42,0,0.056595858333684385
9846-GKXAS,Month-to-month,90.8,9,1,0.627723676181986
2265-CYWIV,Month-to-month,99.6,4,1,0.715900922485302
4724-WXVWF,Month-to-month,95.4,48,0,0.3379389084543196
0122-OAHPZ,Month-to-month,73.85,7,1,0.5951831137582307
4759-PXTAN,One year,80.1,59,0,0.17452856767059402
1921-KYSAY,One year,68.6,41,0,0.15256950570306627
4360-PNRQB,Month-to-month,75.6,18,1,0.4278029436689548
8780-IHCRN,Two year,24.65,63,0,0.00012987012987012987
4323-ELYYB,One year,20.0,13,0,0.02798419356946168
3374-PZLXD,Month-to-month,19.7,34,0,0.061859155008958035
5214-CHIWJ,One year,20.3,27,0,0.015791327680765032
0345-XMMUG,Two year,108.9,46,0,0.19597743436244575
3280-NMUVX,One year,19.6,34,0,0.01123277831725949
2314-TNDJQ,Two year,55.65,72,0,0.023866726256199945
3050-GBUSH,Month-to-month,34.8,3,1,0.5455750298574479
2379-GYFLQ,One year,94.9,46,0,0.1930181936975758
0428-IKYCP,Month-to-month,87.0,22,1,0.46963351593955077
0305-SQECB,One year,36.05,11,0,0.08497813932409332
4971-PUYQO,Month-to-month,94.55,27,1,0.5027270585095158
5884-GCYMI,Month-to-month,69.4,1,1,0.719732712866813
0930-EHUZA,One year,76.35,36,0,0.15709625389930715
7538-GWHML,Month-to-month,69.65,2,1,0.638160915070417
7926-IJOOU,Month-to-month,19.3,1,0,0.22604044137476673
2498-XLDZR,Two year,73.6,32,0,0.017164819257462088
2320-JRSDE,Month-to-month,19.9,1,1,0.4051198926993753
5271-DBYSJ,Month-to-month,79.15,11,1,0.49477613042500684
4795-WRNVT,Month-to-month,65.1,40,0,0.1349192000814873
9509-MPYOD,One year,20.75,35,0,0.017107512060448717
6922-NCEDI,One year,21.2,56,0,0.04887511583863681
2324-EFHVG,Two year,104.4,64,0,0.19770678094112143
3363-EWLGO,Month-to-month,19.95,5,0,0.12422379963734541
1976-CFOCS,Month-to-month,46.0,1,1,0.5612303509571652
7665-TOALD,Month-to-month,69.6,1,1,0.7835225538606265
8563-OYMQY,Month-to-month,90.95,17,1,0.42926647405400786
7267-FRMJW,Two year,20.1,25,0,0.001427965886902893
9762-YAQAA,One year,81.4,39,0,0.14634684216898755
0253-ZTEOB,Two year,79.65,48,0,0.02725279830432502
4942-VZZOM,One year,66.15,64,0,0.06478863085230847
0178-SZBHO,Month-to-month,87.2,47,0,0.12467416774150632
9558-IHEZX,Two year,106.75,71,0,0.0905017397554422
9801-GDWGV,Month-to-month,103.45,39,1,0.5840261629924128
0835-DUUIQ,One year,21.05,24,0,0.04131581197015656
3692-JHONH,One year,106.5,52,0,0.3499184626542194
4832-VRBMR,One year,103.15,65,0,0.259830198157636
9070-BCKQP,Two year,110.15,72,0,0.08304699725523816
6892-EZDTG,Month-to-month,91.65,4,1,0.7721392605901355
9253-QXKBE,Month-to-month,94.45,29,1,0.6558239240609588
7219-TLZHO,Month-to-month,20.85,4,0,0.10853184658843004
9625-RZFUK,Two year,19.7,63,0,0.0012461477050847115
1439-LCGVL,One year,19.2,26,0,0.02028116130702648
2616-UUTFK,Month-to-month,72.75,33,0,0.14738031140014438
5248-RPYWW,Two year,90.15,72,0,0.00825600700583247
7781-EWARA,One year,60.35,70,0,0.06616563992906797
6925-BAYGL,Two year,25.1,53,0,0.0053944499944499945
7024-OHCCK,Month-to-month,93.85,2,1,0.8340830246479812
0565-JUPYD,One year,104.5,63,0,0.1272701473677203
6671-NGWON,Month-to-month,20.35,7,0,0.12155001836234225
4603-JANFB,Month-to-month,69.85,1,1,0.7829998844704409
5673-FSSMF,Month-to-month,60.15,1,1,0.5491212830459409
8972-HJWNV,Month-to-month,84.55,7,1,0.7428810274299285
6007-TCTST,Two year,115.8,72,0,0.005436223953686631
1174-FGIFN,One year,90.45,28,0,0.07488315422604634
3258-SANFR,Month-to-month,44.7,6,0,0.37941267955442115
1389-CXMLU,Month-to-month,91.05,3,1,0.6954006931803087
1354-YZFNB,Two year,19.55,4,0,0.018328888878138556
7746-QYVCO,One year,55.85,16,0,0.08372608055389696
7137-RYLPP,Month-to-month,85.7,37,1,0.5906117342635573
4634-JLRJT,Month-to-month,20.35,1,1,0.4397324307735498
3633-CDBUW,One year,80.85,17,0,0.11323010010759553
6959-UWKHF,Month-to-month,42.9,1,1,0.6144461232893987
9351-LZYGF,Month-to-month,66.4,42,0,0.14703612699999108
4248-HCETZ,Month-to-month,79.65,30,1,0.43951255669065614
6323-AYBRX,Two year,19.35,59,0,0.000842911877394636
5899-MQZZL,Month-to-month,75.0,13,1,0.5503951246795007
2722-VOJQL,One year,105.65,64,0,0.25923477918964527
5153-RTHKF,Month-to-month,85.35,34,1,0.5518506669019341
2013-SGDXK,Month-to-month,84.3,1,1,0.7423392371881361
4770-UEZOX,Month-to-month,74.75,2,1,0.6082257610607003
4277-UDIEF,Month-to-month,81.0,24,0,0.10697672456525215
2817-LVCPP,Two year,19.4,50,0,0.0013784439438572172
8454-AATJP,Two year,115.05,72,0,0.04411878785496825
9830-ECLEN,One year,50.0,58,0,0.029902249037551745
6876-ADESB,Month-to-month,48.95,1,1,0.4650620632235377
4510-PYUSH,Month-to-month,57.15,38,0,0.13993939491001575
2220-IAHLS,Month-to-month,19.4,1,0,0.21358267775959114
7266-GSSJX,Month-to-month,20.45,11,0,0.13061629849953943
6867-ACCZI,Two year,52.5,24,0,0.01168776616337592
0455-ENTCR,Two year,85.25,66,0,0.03283772479774816
2560-PPCHE,One year,105.05,65,0,0.24912351129556615
2332-EFBJY,Month-to-month,19.7,16,0,0.07735515210803508
5835-BEQEU,Month-to-month,76.95,3,1,0.7127855658879081
2834-JRTUA,Two year,108.05,71,0,0.12196197225769798
8510-BBWMU,One year,19.75,41,0,0.03275923851195513
1395-OFUWC,Month-to-month,29.3,43,0,0.09504581222997607
0423-UDIJQ,Month-to-month,49.2,9,0,0.36406522297434407
4795-UXVCJ,One year,19.8,26,0,0.02174285304884432
1399-UBQIU,Month-to-month,69.35,11,1,0.4165140045899099
0781-LKXBR,Month-to-month,100.5,9,1,0.7826200445284641
2462-XIIJB,Month-to-month,92.5,5,1,0.7645602085644186
3544-FBCAS,Two year,83.6,72,0,0.0006453214197071234
3094-JOJAI,Month-to-month,74.15,18,0,0.3976813638389575
9837-FWLCH,Month-to-month,19.2,12,0,0.19428217653816027
2480-JZOSN,Month-to-month,20.65,1,1,0.4635592948574403
8313-AFGBW,Two year,73.6,47,0,0.09432726139018749
0623-IIHUG,Month-to-month,41.9,21,0,0.36654038484592044
5060-TQUQN,Month-to-month,83.55,30,0,0.04382692823312515
1618-CFHME,Month-to-month,75.9,2,1,0.7172779592926362
9027-YFHQJ,Month-to-month,25.05,7,0,0.14108224076151665
7175-NTIXE,Month-to-month,76.15,25,0,0.19929181402375756
6242-MBHPK,Month-to-month,95.1,23,1,0.4923458929306765
5018-LXQQG,Month-to-month,66.3,30,0,0.07009935435728502
4452-QIIEB,Month-to-month,43.9,7,0,0.36006662727351807
4176-RELJR,Two year,25.1,67,0,0.004503968253968254
5229-PRWKT,Month-to-month,86.55,8,1,0.68290897467952
4138-NAXED,Month-to-month,81.0,51,0,0.29436637589828574
1450-SKCVI,Month-to-month,73.85,56,0,0.3771799578692836
7353-YOWFP,One year,20.25,7,0,0.04069416574469559
1575-KRZZE,Month-to-month,55.2,4,1,0.41823722437993444
7255-SSFBC,Two year,112.25,72,0,0.038879327069848695
9801-NOSHQ,One year,19.8,23,0,0.009160195027274996
2522-AHJXR,Month-to-month,109.45,60,0,0.21785991870399873
0870-VEMYL,Month-to-month,53.85,5,0,0.3229433092210837
3530-VWVGU,Month-to-month,19.9,22,0,0.030577231532901716
2294-DMMUS,Month-to-month,70.45,62,0,0.09481010263263691
9495-REDIY,One year,40.65,25,0,0.027677232250508114
5562-YJQGT,Month-to-month,20.35,2,0,0.1737374531531837
3896-RCYYE,Month-to-month,53.4,67,0,0.1874684332607115
3130-ICDUP,Month-to-month,80.55,2,1,0.47498609461464225
0909-SDHNU,Month-to-month,29.8,7,0,0.2865672129764771
6407-GSJNL,Two year,24.95,51,0,0.0030180218512470295
9408-HRXRK,Month-to-month,105.15,45,0,0.13101911222625268
6108-OQZDQ,Month-to-month,97.95,4,1,0.7838344138588259
0771-WLCLA,Month-to-month,112.95,16,0,0.2901644523689236
2362-IBOOY,Month-to-month,84.75,36,1,0.5898820750909538
5701-YVSVF,Month-to-month,82.9,11,1,0.5822746822535155
7134-HBPBS,Two year,108.1,72,0,0.10425356897818823
4184-TJFAN,Month-to-month,88.3,3,1,0.5405052068609189
4295-YURET,Two year,72.6,56,0,0.024586484943627796
0328-GRPMV,Month-to-month,70.1,1,1,0.7640892626148353
2122-YWVYA,Month-to-month,75.4,18,0,0.3944647570112973
0895-DQHEW,Month-to-month,104.3,54,1,0.5223125646260356
7760-OYPDY,Month-to-month,80.65,2,1,0.5852087816516023
3070-FNFZQ,Two year,20.4,23,0,0.003389919604205318
7881-INRLC,Month-to-month,100.85,45,1,0.42396532627357764
1455-UGQVH,Month-to-month,98.5,10,1,0.7725688514542433
6467-CHFZW,Month-to-month,99.35,47,0,0.12381078362143669
3352-ALMCK,Month-to-month,102.65,40,1,0.5177566807661064
1251-STYSZ,Month-to-month,80.25,4,1,0.5655138674388376
9372-TXXPS,Two year,59.85,60,0,0.04515051638388537
0420-TXVSG,Two year,66.1,66,0,0.02386902576905825
0201-OAMXR,One year,115.55,70,0,0.1226134646767107
7739-LAXOG,Month-to-month,91.05,32,1,0.45194926563267157
7188-CBBBA,One year,95.5,65,0,0.2991237732779484
3363-DTIVD,Two year,105.55,71,0,0.03982742645431821
7000-WCEVQ,Month-to-month,61.6,20,0,0.26800037881337724
5136-KCKGI,One year,103.7,33,0,0.1998776250131865
2405-LBMUW,One year,50.7,61,0,0.01158610598711029
8788-DOXSU,One year,61.35,59,0,0.137344872074494
4973-RLZVI,One year,74.65,30,0,0.17645568659021177
7619-PLRLP,One year,74.1,53,0,0.11259781229217233
6060-DRTNL,Month-to-month,84.85,5,1,0.6073701899820686
3717-OEAUQ,Month-to-month,70.7,2,1,0.583409779631697
9330-VOFSZ,Two year,110.8,60,0,0.15441853092609858
0886-QGENL,Month-to-month,101.25,27,1,0.5273651342318297
3865-YIOTT,One year,106.1,72,0,0.05753101878122464
3009-JWMPU,One year,96.75,62,0,0.36804552829609927
1097-FSPVW,Month-to-month,54.55,42,0,0.14778190845394698
7590-VHVEG,Month-to-month,29.85,1,1,0.6170776942770814
3038-PQIUY,Month-to-month,66.15,38,0,0.14367454477622535
1468-DEFNC,Two year,24.4,64,0,0.005396825396825396
6437-UDQJM,Two year,84.1,72,0,0.04881871456259481
9490-DFPMD,Month-to-month,84.65,42,1,0.5909749334497024
1452-VOQCH,Month-to-month,75.1,1,1,0.8160719461608943
2432-TFSMK,One year,89.6,18,0,0.23695406622989432
3301-VKTGC,One year,85.5,68,0,0.02060966399222278
4818-DRBQT,Month-to-month,80.15,29,1,0.47013616278070025
3059-NGMXB,Month-to-month,69.2,14,0,0.1475526981939178
2511-MORQY,One year,54.9,50,0,0.05391834741048482
9631-XEYKE,Month-to-month,50.4,3,1,0.543043797998477
0661-WCQNQ,One year,56.25,22,0,0.07607858885538828
4415-IJZTP,Month-to-month,74.5,1,1,0.7838616297647881
5440-FLBQG,Two year,108.4,69,0,0.1807223941471388
5522-JBWMO,Month-to-month,44.0,1,1,0.4843383809981657
8932-CZHRQ,One year,76.75,68,0,0.19512943793083995
6810-VCAEX,One year,39.65,47,0,0.05864280102424337
0186-CAERR,One year,116.3,71,0,0.24884357700060517
7811-JIVPF,Month-to-month,49.7,23,0,0.2177900378077204
6872-HXFNF,One year,58.35,64,0,0.04948397987316652
7901-TBKJX,Month-to-month,101.05,56,1,0.5995908784555098
6429-SHBCB,Month-to-month,69.6,19,0,0.2472613991715834
8963-JLGJT,Month-to-month,55.9,3,0,0.2944316520744784
9700-ISPUP,Month-to-month,65.5,10,0,0.16499334677773464
6729-FZWSY,One year,19.45,67,0,0.037151467044739116
7310-EGVHZ,Month-to-month,20.2,1,0,0.3297087675120637
4827-LTQRJ,One year,110.6,66,0,0.04485987757761951
8590-OHDIW,One year,20.3,38,0,0.002509597072778867
0378-NHQXU,Month-to-month,88.25,17,1,0.6032742503301324
0311-UNPFF,Month-to-month,88.8,26,1,0.4418311715151052
3266-FTKHB,Two year,19.15,17,0,0.003807086749569097
3090-QFUVD,Month-to-month,20.3,1,0,0.2539713719784751
9362-MWODR,Month-to-month,64.1,40,0,0.13115544642576984
1453-RZFON,Month-to-month,49.9,1,0,0.3919265501262638
8761-NSOBC,Month-to-month,100.55,44,0,0.2585368148378793
9938-EKRGF,Month-to-month,84.45,15,0,0.27696729246508656
3594-BDSOA,One year,20.4,24,0,0.023917703609908927
2186-QZEYA,Month-to-month,58.55,29,0,0.1585591500857829
7016-BPGEU,Month-to-month,25.1,29,0,0.2461080574309926
4495-LHSSK,Month-to-month,57.65,18,0,0.18678633082600207
0960-HUWBM,Two year,104.1,65,0,0.020545580377174303
4929-ROART,Month-to-month,56.25,18,0,0.2849641676851472
3689-MOZGR,Month-to-month,31.2,29,0,0.2871615793376957
0875-CABNR,Month-to-month,84.6,10,1,0.5296121371283276
6641-XRPSU,Month-to-month,70.0,34,0,0.33936333440435995
9313-QOLTZ,Month-to-month,20.9,26,0,0.08905656206624546
5073-WXOYN,Month-to-month,50.8,60,0,0.3249411810693658
8325-QRPZR,Month-to-month,75.15,7,1,0.5927076733533744
9365-CSLBQ,Two year,24.35,71,0,0.00137987012987013
4293-ETKAP,Two year,79.4,65,0,0.00153088133240805
6705-LNMDD,Month-to-month,50.0,20,0,0.23136267076031575
5760-WRAHC,Month-to-month,69.75,22,0,0.22684780308406893
0318-QUUOB,Month-to-month,80.55,1,1,0.8766484563412692
6230-BSUXY,Month-to-month,85.0,1,1,0.7971782715728553
9717-IOAAF,Two year,25.85,27,0,0.024578555453419332
6101-IMRMM,Month-to-month,94.5,6,1,0.5921427485168409
8263-QMNTJ,Two year,115.55,72,0,0.03767942773580809
8107-RZLNV,Two year,106.3,72,0,0.24076174879475373
4335-BSMJS,Two year,25.8,62,0,0.008034540119587577
9033-EOXWV,One year,74.05,12,0,0.2265881046315597
0680-DFNNY,Month-to-month,101.1,15,1,0.7081699531060168
0495-RVCBF,Month-to-month,79.7,1,1,0.8372894477475231
7627-JKIAZ,Month-to-month,78.95,37,1,0.40119894949837664
2275-RBYQS,Month-to-month,45.4,1,1,0.592359166080463
4439-YRNVD,Month-to-month,36.25,10,0,0.2960617920895528
0236-HFWSV,Month-to-month,93.35,15,1,0.6935418908407229
6693-DJWTY,One year,55.6,35,0,0.04881829646167461
6005-OBZPH,Month-to-month,89.15,26,1,0.572098080145743
7382-DFJTU,Month-to-month,55.2,18,0,0.2710735428724651
5804-JMYIO,Two year,19.75,39,0,0.001427965886902893
3946-MHCZW,Month-to-month,50.9,1,1,0.5508373051077863
5572-ZDXHY,Month-to-month,84.3,22,0,0.3884004159170265
2988-GBIVW,Month-to-month,90.85,70,0,0.3739469550226264
3914-FDRHP,Month-to-month,86.25,9,1,0.5489721147538713
8065-BVEPF,Month-to-month,99.1,65,0,0.37797349937617364
1728-BQDMA,Month-to-month,44.45,2,1,0.4987879842987351
0547-HURJB,Month-to-month,21.05,12,0,0.09790332294626099
7576-OYWBN,Month-to-month,76.05,3,1,0.7302470915826064
6963-EZQEE,Two year,88.55,70,0,0.021148123637896917
8485-GJCDN,Month-to-month,69.05,5,1,0.5740435452528491
9107-UKCKY,One year,79.8,61,0,0.23988026133428103
1228-ZLNBX,Month-to-month,75.3,21,1,0.41697737281378294
7916-VCCPB,Month-to-month,73.25,16,0,0.22198739694821729
3898-GUYTS,Month-to-month,97.05,45,0,0.3555576320288797
4324-BZCKL,Month-to-month,55.55,10,0,0.14549145471923292
0947-MUGVO,Month-to-month,73.65,20,1,0.4920516277482113
7610-TVOPG,Month-to-month,26.35,15,0,0.13879823531445656
7459-RRWQZ,Month-to-month,64.65,15,0,0.37684691258604613
9896-UYMIE,One year,114.3,66,0,0.2217194126599165
1508-DFXCU,Month-to-month,81.45,12,1,0.6533298348477736
7044-YAACC,Month-to-month,70.2,4,1,0.6170238863327814
0420-BWTPW,Month-to-month,25.5,8,0,0.35360803215709147
2038-OEQZH,Month-to-month,86.05,4,1,0.6171419541368082
1785-BPHTP,Month-to-month,85.45,28,0,0.1099529852569491
3398-ZOUAA,Month-to-month,69.1,21,1,0.4714391000142226
2359-QWQUL,One year,104.7,39,0,0.23319306178471538
8039-EQPIM,Two year,60.25,69,0,0.029262016564762284
2674-MIAHT,Month-to-month,80.3,4,1,0.6704576416094733
8246-SHFGA,Month-to-month,21.1,17,0,0.11203220914780147
6625-UTXEW,Month-to-month,51.25,12,0,0.2726417308740096
1915-OAKWD,One year,19.3,16,0,0.061375172503476155
8417-GSODA,One year,92.2,28,0,0.051215395805407925
1465-LNTLJ,Month-to-month,64.4,8,0,0.31410582817247407
7206-GZCDC,Month-to-month,69.25,1,1,0.7822989287700216
4129-LYCOI,Two year,104.0,67,0,0.08133109598348753
2408-TZMJL,One year,110.15,59,0,0.2979310387589181
6994-KERXL,Month-to-month,55.9,4,1,0.4583960585806521
5327-XOKKY,Two year,73.45,72,0,0.10010474231720712
9112-WSNPU,Month-to-month,70.55,35,1,0.42418371475520017
7814-LEEVE,Month-to-month,20.3,1,1,0.43735478893292595
3865-ZYKAD,Month-to-month,84.9,69,0,0.21781302249414897
2595-KIWPV,Two year,19.7,27,0,0.01019222840651412
1891-QRQSA,Two year,111.6,64,0,0.15949457871425549
2672-HUYVI,Month-to-month,91.1,6,1,0.7168618868995971
9700-ZCLOT,Month-to-month,20.0,2,0,0.23507524747637665
1577-HKTFG,Month-to-month,19.65,30,0,0.0946783162264773
4868-AADLV,One year,116.25,66,0,0.06650478509976487
9357-UJRUN,One year,58.35,24,0,0.08520453821126654
6924-TDGMT,One year,20.55,11,0,0.08237496990751483
8859-AXJZP,Two year,23.8,39,0,0.0264255081665896
5131-PONJI,Month-to-month,90.4,49,0,0.05643040028866601
6993-OHLXR,Month-to-month,68.95,2,1,0.6426804620308932
1031-IIDEO,Month-to-month,70.85,1,1,0.7551488213608796
4727-MCYZG,Month-to-month,55.55,1,1,0.4969017212476406
9323-HGFWY,One year,101.9,27,0,0.3038862759298218
6473-ULUHT,Month-to-month,84.9,16,0,0.19980235263716103
7703-ZEKEF,Month-to-month,81.0,23,1,0.5514791257921431
3571-RFHAR,Month-to-month,109.15,65,0,0.29588239356021806
9367-WXLCH,Month-to-month,84.5,8,1,0.5420341948840133
0191-EQUUH,Two year,35.05,25,0,0.05043997989043756
2080-GKCWQ,Month-to-month,74.95,2,1,0.6008607332178859
5955-EPOAZ,Month-to-month,20.95,6,0,0.15117135649575808
4070-OKWVH,Month-to-month,94.6,52,0,0.3787533062159615
3507-GASNP,Two year,19.95,60,0,0.0004700061842918986
3393-FMZPV,Month-to-month,100.25,25,1,0.5904422782241251
5125-CNDSP,One year,40.6,63,0,0.05411115636213026
5985-TBABQ,One year,74.75,32,0,0.11023997638360722
0486-LGCCH,Two year,19.65,11,0,0.016623344038163398
1110-KYLGQ,Month-to-month,108.25,63,0,0.2502111340699457
2929-QNSRW,One year,98.25,56,0,0.31680026139331596
7240-ETPTR,Month-to-month,48.75,9,1,0.5381326347814536
5277-ZLOOR,Month-to-month,85.55,2,1,0.7688916901464722
1157-BQCUW,Month-to-month,74.95,1,1,0.8150351645516989
3191-CSNMG,Month-to-month,80.7,3,1,0.4549651637621725
6770-UAYGJ,Two year,25.25,49,0,0.0008116883116883116
2058-DCJBE,Month-to-month,69.75,5,1,0.5928201698076798
8406-LNMHF,One year,82.95,59,0,0.07951282658048496
3049-NDXFL,Month-to-month,85.8,1,1,0.8052586283409837
8444-WRIDW,Month-to-month,80.45,66,0,0.35369373482212685
5546-QUERU,One year,19.95,13,0,0.029133946821451873
0730-BGQGF,Two year,90.3,71,0,0.0005146290491118078
4989-LIXVT,Month-to-month,95.9,68,1,0.4267035155944913
3594-KADLU,Month-to-month,35.1,3,0,0.3676232315504528
6496-SLWHQ,Month-to-month,105.0,3,1,0.7794831181926953
9702-AIUJO,One year,44.8,50,0,0.019794107914613498
9695-IDRZR,Two year,116.15,34,0,0.07554402478595841
5261-QSHQM,Month-to-month,24.45,4,1,0.607890489831506
8835-VSDSE,Month-to-month,70.7,2,1,0.653968168712332
7493-TPUWZ,Month-to-month,79.15,1,1,0.8069430826785096
6982-SSHFK,Month-to-month,44.4,1,1,0.5002080078565451
4854-CIDCF,Month-to-month,73.85,3,1,0.641206992946296
3913-FCUUW,Two year,70.45,72,0,0.0026321320137719893
3780-DDGSE,Month-to-month,76.05,35,0,0.07849955939347741
7841-TZDMQ,Month-to-month,46.0,2,1,0.5461417426511488
3066-RRJIO,Month-to-month,69.95,1,1,0.730358479733142
1095-JUDTC,Month-to-month,95.05,47,0,0.38419563634422105
2257-BOVXD,Month-to-month,66.6,14,0,0.3222771398240468
5384-ZTTWP,Month-to-month,19.8,15,0,0.051356589366003444
6927-WTFIV,Month-to-month,71.3,20,0,0.2667786119900147
4632-XJMEX,One year,62.85,53,0,0.044667471634015125
9114-VEPUF,One year,96.1,62,0,0.23144736682330483
8859-YSTWS,One year,19.95,48,0,0.03066805603861662
2654-VBVPB,Month-to-month,19.9,1,0,0.30192794725814837
6458-CYIDZ,Month-to-month,80.7,5,1,0.4147800706237468
5442-BXVND,Month-to-month,24.25,33,0,0.02957831369400584
3597-YASZG,Two year,104.45,70,0,0.13718178522481286
5172-MIGPM,Month-to-month,65.55,4,0,0.35198544276461163
6418-PIQSP,Two year,81.0,62,0,0.014565829931042652
3688-FTHLT,Month-to-month,63.05,16,1,0.47186141890101374
9327-QSDED,Month-to-month,43.55,8,0,0.33159695186388993
6797-LNAQX,Two year,98.3,70,0,0.13043932492258198
3462-BJQQA,Month-to-month,89.75,6,1,0.7435981139952671
0303-UNCIP,One year,65.0,41,0,0.1351730974348803
1699-HPSBG,One year,59.8,12,0,0.19222973115948627
4749-VFKVB,Month-to-month,50.1,1,1,0.611281778536371
2049-BAFNW,Month-to-month,35.9,1,0,0.36607925218293275
0123-CRBRT,Two year,88.1,61,0,0.009042167669936974
4049-ZPALD,Two year,99.0,64,0,0.15669099535338715
9451-WLYRI,One year,19.05,53,0,0.03087319613869613
5846-ABOBJ,Two year,24.45,71,0,0.002761111111111111
8565-CLBZW,Month-to-month,89.85,24,1,0.46409180654090404
9102-IAYHT,Month-to-month,85.45,17,1,0.6110934752732481
9787-XVQIU,Month-to-month,75.3,1,1,0.8160719461608943
3982-XWFZQ,Month-to-month,50.25,42,0,0.23730532838594354
0621-HJWXJ,Month-to-month,81.55,63,0,0.3460404740814193
8481-YYXWG,Month-to-month,89.35,5,1,0.5636056057441905
5312-UXESG,Month-to-month,98.05,41,1,0.41571957061269843
0709-TVGUR,Month-to-month,74.55,9,1,0.6087031232220051
6656-GULJQ,Two year,83.55,72,0,0.008701688255485724
0003-MKNFE,Month-to-month,59.9,9,1,0.42757140930247495
2223-KAGMX,Month-to-month,19.4,15,0,0.16238545494040998
8690-UPCZI,One year,69.05,29,0,0.025750867553499132
9763-PDTKK,Month-to-month,94.4,4,1,0.5114956245235711
6865-JZNKO,Month-to-month,55.3,30,0,0.13225864893147732
4116-IQRFR,One year,24.1,4,0,0.049797205270311354
2869-ADAWR,Month-to-month,89.3,45,0,0.3974880885561401
8189-DUKMV,One year,20.5,4,0,0.16361613601515473
8617-ENBDS,Month-to-month,73.6,3,1,0.5195549451205329
6380-ARCEH,Month-to-month,20.2,1,0,0.310708633087774
3842-QTGDL,Month-to-month,80.75,16,0,0.36151383672339166
2277-VWCNI,Month-to-month,48.75,4,1,0.5578846207352036
0840-DFEZH,Month-to-month,75.35,7,1,0.6131112383533943
3866-MDTUB,Month-to-month,70.75,2,1,0.4370583982532259
7661-CPURM,One year,87.7,19,0,0.19699870734453384
6072-NUQCB,One year,20.25,22,0,0.005394059154630875
9938-ZREHM,One year,72.1,37,0,0.11359690308602997
9974-JFBHQ,Month-to-month,99.15,64,0,0.10683579823445194
9253-VIFJQ,One year,67.05,65,0,0.14927757531118846
7503-EPSZW,Two year,24.05,64,0,0.001747159090909091
6240-EURKS,Month-to-month,35.0,18,1,0.4282596117788697
2452-KDRRH,Month-to-month,101.4,67,1,0.4672038435338932
3696-XRIEN,One year,82.5,50,0,0.1473130725821521
9504-YAZWB,Two year,20.25,53,0,0.004748407313820587
4786-UKSNZ,Month-to-month,20.2,1,0,0.310708633087774
8221-HVAYI,Two year,69.15,35,0,0.034750984901531834
8661-BOYNW,Two year,84.4,72,0,0.019997330105108894
0988-AADSA,Two year,80.85,72,0,0.008083854674855076
4256-ZWTZI,Month-to-month,51.0,5,0,0.32978497425086106
0731-EBJQB,One year,20.4,52,0,0.04547625811709955
7609-NRNCA,One year,19.55,17,0,0.019702370369714107
5294-CDGWY,One year,59.3,51,0,0.11255025262193157
4324-AHJKS,Month-to-month,55.8,5,0,0.26267440753449217
4999-IEZLT,One year,29.45,66,0,0.05679106308274595
1080-BWSYE,Two year,25.65,64,0,0.0033630591630591632
7217-JYHOQ,Month-to-month,70.3,24,0,0.06452276977945044
5949-XIKAE,Month-to-month,83.55,8,1,0.6384502395971694
1349-WXNGG,Month-to-month,20.05,1,0,0.3111969493869852
1260-TTRXI,Month-to-month,54.3,4,1,0.48325687544985757
8080-POTJR,One year,79.3,30,0,0.15118373651334216
8999-YPYBV,Two year,84.35,45,0,0.018449064056071874
6437-UKHMV,Month-to-month,79.7,7,1,0.6563716602370985
2621-UDNLU,Month-to-month,20.85,3,0,0.1951198322053999
2260-USTRB,Month-to-month,70.2,2,1,0.697905099933083
7398-HPYZQ,Two year,90.55,71,0,0.017343912778313864
1488-SYSFC,Month-to-month,20.65,31,0,0.07453162751154208
5364-XYIRR,Month-to-month,94.65,51,1,0.5980470496181269
7779-LGOVN,Month-to-month,86.65,10,1,0.6961378022363408
4415-WNGVR,One year,79.2,12,0,0.2264724455812265
2085-BOJKI,One year,96.65,17,0,0.38019233183996654
2523-EWWZL,Month-to-month,76.1,27,1,0.48345565379423866
4636-TVXVG,One year,19.95,62,0,0.004330494096500598
7434-SHXLS,Month-to-month,20.9,1,0,0.3673239332267853
7089-XXAYG,One year,38.1,25,0,0.14391438220567918
5993-BQHEA,One year,20.05,12,0,0.042473700436249186
1767-TGTKO,Month-to-month,45.45,8,0,0.2724353414063388
8464-EETCQ,Two year,18.8,57,0,0.00278735632183908
4950-BDEUX,Month-to-month,49.2,35,0,0.28421111677982064
9432-RUVSL,Two year,102.5,48,0,0.16355997854050675
7762-ONLJY,One year,19.7,6,0,0.04124732249295584
5536-RTPWK,Month-to-month,99.05,49,1,0.4851605751369787
1085-LDWAM,One year,20.35,69,0,0.009206284413534004
9385-EHGDO,Two year,19.85,35,0,0.008005166315029162
2882-DDZPG,Month-to-month,19.45,12,0,0.17924541913221823
5681-LLOEI,One year,91.25,43,0,0.012450045123958167
7167-PCEYD,Two year,19.8,67,0,0.006354791275092308
8710-YGLWG,Month-to-month,44.9,1,1,0.5557243830448975
6259-WJQLC,Month-to-month,81.1,32,1,0.4317834093977524
9880-TDQAC,Two year,60.0,72,0,0.10235239711599635
4088-YLDSU,One year,104.15,55,0,0.38331448439767324
7636-PEPNS,One year,44.1,58,0,0.051826356504747526
2226-ICFDO,Two year,85.9,72,0,0.020126640449936485
5884-FBCTL,Two year,25.1,72,0,0.0003116883116883117
7619-ODSGN,Month-to-month,54.75,24,0,0.0850589301772239
0322-YINQP,Month-to-month,48.55,1,1,0.43705830038317167
6923-AQONU,Two year,20.9,23,0,0.0009071646542372538
6127-ISGTU,Month-to-month,84.95,16,1,0.6665746115006922
3126-WQMGH,Month-to-month,52.15,49,0,0.19596571648723415
5939-XAIXZ,Month-to-month,56.1,19,0,0.3227931992087624
3071-MVJCD,Two year,82.3,72,0,0.01093526238803052
4199-QHJNM,Two year,102.9,67,0,0.1314285901550805
8208-EUMTE,Two year,54.85,16,0,0.05236207888535579
0302-JOIVN,Month-to-month,101.15,8,1,0.5976401075344652
2012-NWRPA,Month-to-month,99.55,11,1,0.7779792660261541
1680-VDCWW,One year,19.8,12,0,0.14363348748961471
7054-DMVAS,Two year,65.3,54,0,0.04450404484730996
6572-ADKRS,Month-to-month,74.8,46,0,0.3157806682201118
6353-BRMMA,Month-to-month,104.1,54,0,0.11305200011483077
2378-VTKDH,Month-to-month,104.35,65,1,0.4611746745268283
2270-CHBFN,Month-to-month,95.1,44,0,0.2623562421391638
6683-VLCTZ,Month-to-month,98.55,20,1,0.7070596843496847
4192-GORJT,Month-to-month,94.45,5,1,0.7361740989713161
7795-CFOCW,One year,42.3,45,0,0.028116129245940133
6032-KRXXO,Month-to-month,90.25,30,1,0.49734694440435157
0112-QAWRZ,Month-to-month,90.8,16,0,0.1635377647614502
1084-UQCHV,Month-to-month,69.75,1,1,0.7294403674490126
6661-HBGWL,Month-to-month,104.75,42,1,0.5480059631020513
5176-LMJXE,Two year,20.55,47,0,0.012072640347010883
2347-WKKAE,Month-to-month,94.4,42,1,0.49630930046305105
1089-XZWHH,Two year,19.7,24,0,0.00903294409280694
6311-UEUME,Month-to-month,78.9,29,1,0.4995468344257716
2890-WFBHU,One year,79.85,59,0,0.15634729012111964
8364-TRMMK,Month-to-month,50.65,3,1,0.5304430002266844
8597-CTXVJ,One year,64.95,70,0,0.027159002547160443
1447-GIQMR,Month-to-month,69.15,1,1,0.8375134232820867
3727-RJMEO,Month-to-month,82.85,6,1,0.730508208801795
0701-RFGFI,Month-to-month,95.4,49,0,0.11527777277039734
2832-SCUCO,Month-to-month,19.9,2,0,0.17575331983142142
2684-EIWEO,Month-to-month,91.7,30,0,0.27985042872066745
1941-HOSAM,Month-to-month,90.1,1,1,0.5426858916093596
1322-AGOQM,Month-to-month,30.3,46,0,0.20234210959197077
7932-WPTDS,Month-to-month,24.8,1,1,0.7083229772811127
3799-ISUZQ,Month-to-month,69.95,7,1,0.5710371724151002
9067-SQTNS,One year,20.6,44,0,0.0034375374155004397
7233-PAHHL,Two year,84.0,66,0,0.019737488950479977
8992-VONJD,Month-to-month,56.0,13,0,0.26021653242017934
4674-HGNUA,Two year,89.9,71,0,0.006434235758192201
6476-YHMGA,Month-to-month,76.5,15,0,0.13782029093114823
2550-QHZGP,One year,19.5,7,0,0.04995770006937465
2800-QQUSO,Month-to-month,100.3,42,1,0.5009531721913721
0327-WFZSY,One year,100.0,39,0,0.07937130643427545
8086-OVPWV,Month-to-month,80.2,2,1,0.7627340963492714
9845-QOMAD,One year,19.75,14,0,0.016644366729634846
3426-NIYYL,Month-to-month,51.55,15,0,0.39898471882004477
5845-BZZIB,Two year,20.1,35,0,0.0012461477050847115
2985-FMWYF,Month-to-month,93.5,23,1,0.6213174833475487
0761-AETCS,Month-to-month,19.3,1,0,0.2520052889075062
6010-DDPPW,Two year,25.15,70,0,0.001653968253968254
1423-BMPBQ,Month-to-month,19.0,1,0,0.3577593008302384
5366-IJEQJ,Month-to-month,88.7,20,1,0.6062272543216982
8630-QSGXK,Two year,75.2,51,0,0.05522274800444302
8164-OCKUJ,Two year,20.6,59,0,0.001427965886902893
7599-FKVXZ,Month-to-month,106.15,42,1,0.41750883197590405
0068-FIGTF,One year,78.2,27,0,0.1798229329965194
1642-HMARX,Two year,91.7,68,0,0.01824890440255784
3057-VJJQE,Two year,55.25,35,0,0.027466955237116526
2957-JIRMN,One year,84.45,62,0,0.30182187973497204
9505-SQFSW,Month-to-month,40.3,3,0,0.3386272477969689
5701-SVCWR,Month-to-month,24.0,1,0,0.22935629621177536
1452-KIOVK,Month-to-month,89.1,22,0,0.2000573547919052
0774-RMNUW,Two year,59.7,71,0,0.0070714285714285705
9153-BTBVV,Two year,25.0,71,0,0.002997833344102001
0963-ZBDRN,Month-to-month,96.2,32,0,0.3663193297206234
3196-NVXLZ,Month-to-month,84.6,25,1,0.48542809658171365
3162-ZJZFU,Month-to-month,92.55,53,0,0.08548333785630945
2251-PYLPB,Two year,79.55,72,0,0.020153408595335816
9420-LOJKX,Month-to-month,99.1,15,0,0.3121171561265963
5553-AOINX,One year,104.9,66,0,0.06972742553807246
9866-QEVEE,Month-to-month,86.0,19,1,0.4759049932906974
0139-IVFJG,Month-to-month,90.35,2,1,0.5079697774555043
5153-LXKDT,Two year,110.2,68,0,0.03956753444204649
6543-XRMYR,Month-to-month,99.7,30,1,0.6067611349128947
9571-EDEBV,One year,98.65,71,0,0.21491065430414835
7562-GSUHK,Month-to-month,93.2,16,1,0.4644637752488871
2325-WINES,One year,104.05,32,0,0.3342389143251103
9381-NDKME,Month-to-month,40.65,24,0,0.2954779956634245
2164-SOQXL,Month-to-month,20.05,20,0,0.033660612111109454
7817-BOQPW,Month-to-month,75.55,2,1,0.7172956360880162
8777-PVYGU,One year,64.3,52,0,0.08412673159009465
7446-SFAOA,One year,19.85,37,0,0.041047626250397935
8591-NXRCV,Month-to-month,74.65,41,0,0.16329958806987943
6848-YLDFR,One year,75.2,58,0,0.043323870573870576
5057-RKGLH,Two year,20.35,9,0,0.005322793958560232
0581-BXBUB,Month-to-month,72.75,4,1,0.5871872824088286
0396-YCHWO,Month-to-month,95.4,36,1,0.6482546593464675
2697-NQBPF,Month-to-month,105.35,34,1,0.4354845001200865
7422-WNBTY,Month-to-month,93.35,33,1,0.5305869862305014
8784-CGILN,Month-to-month,99.85,18,1,0.46757159921142544
2709-UQGNP,Month-to-month,51.65,10,0,0.3003022917217856
0929-PECLO,Month-to-month,89.6,63,0,0.3654233411906605
4713-LZDRV,Month-to-month,79.6,2,1,0.7287799324582267
3970-XGJDU,Two year,19.2,62,0,0.0028187051360683297
6067-NGCEU,Month-to-month,111.05,65,0,0.2864132788926936
2096-XOTMO,Month-to-month,19.35,16,0,0.062405173883616015
7639-LIAYI,Two year,79.75,52,0,0.052292326036436944
6614-YWYSC,Two year,25.0,61,0,0.003274170274170274
9283-LZQOH,Month-to-month,74.4,13,1,0.5702211403768453
4647-XXZAM,Month-to-month,45.5,6,0,0.26373650485100486
6319-IEJWJ,Month-to-month,90.2,20,1,0.5829128169813576
9026-LHEVG,Month-to-month,40.75,9,0,0.36998016040782566
4450-YOOHP,Month-to-month,50.65,39,0,0.2577474365643296
1561-BWHIN,One year,19.8,19,0,0.014330605842634524
7442-YGZFK,Month-to-month,49.8,1,1,0.5819137473546522
3256-EZDBI,Month-to-month,29.45,51,0,0.25525379060785747
3737-XBQDD,Month-to-month,84.85,24,1,0.43267169008990325
6946-LMSQS,One year,89.05,25,0,0.28319377510927857
6486-LHTMA,One year,90.7,31,0,0.3658350974347765
4317-VTEOA,Month-to-month,50.75,1,1,0.5026627296047882
0690-SRQID,Month-to-month,19.65,4,0,0.12652276889031464
4873-ILOLJ,Month-to-month,90.35,24,1,0.5275787158277454
6845-RGTYS,Month-to-month,98.75,47,1,0.46997050108825206
6631-HMANX,Two year,85.45,72,0,0.043754657135060465
4431-EDMIQ,Month-to-month,75.7,7,0,0.22081446806398014
3707-GNWHM,Month-to-month,74.25,1,1,0.7959665731607464
0390-DCFDQ,Month-to-month,70.45,1,1,0.5781139383210894
8715-KKTFG,One year,103.3,61,0,0.21318973600223845
6317-YPKDH,Month-to-month,29.95,1,1,0.45720128441590374
4480-MBMLB,One year,104.8,36,0,0.3187933506904944
0853-NWIFK,One year,100.3,45,0,0.279773861541201
3716-BDVDB,Month-to-month,69.1,1,1,0.7938999308866918
9500-LTVBP,Month-to-month,80.05,35,0,0.3899646244011892
6786-OBWQR,Month-to-month,80.85,5,1,0.4203975798443741
0383-CLDDA,Two year,85.35,69,0,0.027098669139969393
8067-NIOYM,Two year,21.1,24,0,0.010199318022899242
4077-HWUYD,Two year,87.55,72,0,0.0009746617251472014
0975-VOOVL,Month-to-month,29.2,3,1,0.4392875637083944
9084-OAYKL,Two year,20.8,58,0,0.0022085317969633873
9714-EDSUC,Month-to-month,94.9,4,1,0.4104253454558951
7766-CLTIC,Month-to-month,60.95,10,0,0.3094322159785551
9244-ZVAPM,Month-to-month,45.6,1,1,0.5134785710962949
6419-ZTTLE,One year,20.75,23,0,0.052565836443841246
4846-WHAFZ,Month-to-month,76.5,37,0,0.12144655214936034
2789-HQBOU,Month-to-month,80.35,3,1,0.6885537545906628
7273-TEFQD,Month-to-month,41.15,3,1,0.676345889335106
4587-VVTOX,Month-to-month,105.3,6,1,0.7564805185143051
3694-DELSO,Month-to-month,38.55,4,0,0.32363775751818286
6522-OIQSX,Two year,54.95,69,0,0.03952228327228327
9646-NMHXE,Two year,19.65,47,0,0.003977177160873838
0778-NELLA,Month-to-month,34.7,9,0,0.3547336743610122
9227-LUNBG,Month-to-month,24.6,1,1,0.5432286691301887
3078-ZKNTS,Two year,19.75,13,0,0.02620276362293169
1498-DQNRX,Month-to-month,19.85,29,0,0.10248150482528579
5882-CMAZQ,Month-to-month,34.25,5,0,0.3508236835175772
3740-RLMVT,One year,60.95,67,0,0.051865767537495014
6181-AXXYF,Two year,24.75,72,0,0.00012987012987012987
3230-IUALN,Two year,81.0,45,0,0.037250549942549685
7176-WRTNX,Two year,114.95,70,0,0.1456377329814852
1150-WFARN,Two year,108.75,67,0,0.16371981429152918
9537-JALFH,Two year,19.9,69,0,0.0004700061842918986
2495-KZNFB,Month-to-month,90.65,33,1,0.46661201927981805
4121-AGSIN,One year,24.5,58,0,0.032668289762373875
3865-QBWSJ,Month-to-month,80.45,38,0,0.21843456241448064
2824-MYYBN,Month-to-month,95.25,37,0,0.11753819954915402
4213-HKBJO,Two year,25.7,33,0,0.019659831041257656
9620-QJREV,One year,20.55,47,0,0.038721886906745356
7636-OWBPG,Month-to-month,29.35,12,0,0.30891866271939744
7337-CINUD,Two year,19.5,8,0,0.04962842969924032
4967-WPNCF,Two year,63.7,72,0,0.012365709509960824
5680-LQOGP,Two year,82.45,68,0,0.023433965988424642
4026-SKKHW,Month-to-month,50.25,3,0,0.3230592886731361
0419-YAAPX,Month-to-month,85.3,49,0,0.3890415067075915
9369-XFEHK,Month-to-month,80.6,33,1,0.5055852498354969
4654-GGUII,One year,40.2,18,0,0.08216617591982853
6319-QSUSR,Month-to-month,19.7,11,0,0.1261895792487667
2277-DJJDL,Month-to-month,99.0,60,0,0.3680723213907027
5862-BRIXZ,Two year,60.75,46,0,0.028140808482438523
2923-ARZLG,One year,19.7,0,0,0.15277616542990266
4389-UEFCZ,Two year,105.5,72,0,0.13237332782800496
8634-MPHTR,Month-to-month,100.05,47,1,0.6312905050621772
2831-EBWRN,Month-to-month,45.9,4,1,0.5330770591358488
9769-TSBZE,Two year,66.0,70,0,0.027774883106976928
3096-YXENJ,Two year,107.65,65,0,0.15443202916824933
5336-UFNZP,One year,107.45,65,0,0.07407266363331055
5294-IMHHT,One year,97.75,53,0,0.18538086065630188
8181-YHCMF,Two year,60.3,68,0,0.030153482578361465
8947-YRTDV,One year,94.8,32,0,0.024345398970398967
2609-IAICY,Month-to-month,77.15,1,1,0.8114022349549029
3570-YUEKJ,Month-to-month,49.55,42,0,0.20135846878585195
4236-UJPWO,Month-to-month,24.5,2,1,0.5324107353247556
0428-AXXLJ,One year,19.5,25,0,0.027541628792091002
0841-NULXI,Month-to-month,35.55,1,1,0.7639114439616256
6270-OMFIW,One year,94.4,60,0,0.28859503309708656
5575-TPIZQ,Month-to-month,89.15,46,0,0.3264703670662474
5375-XLDOF,Two year,114.35,69,0,0.024434160234083974
3768-VHXQO,Two year,24.85,67,0,0.0005428571428571429
0032-PGELS,Month-to-month,30.5,1,0,0.347199210092584
6447-EGDIV,One year,20.95,31,0,0.01835751206044872
2229-VWQJH,Month-to-month,49.3,24,0,0.24260890232254262
5186-SAMNZ,Month-to-month,69.5,1,1,0.720809283582986
4504-YOULA,Month-to-month,59.45,35,0,0.0971071819715143
3620-EHIMZ,Two year,19.35,52,0,0.0050889828360554355
4355-CVPVS,One year,88.9,56,0,0.04711438830571621
4208-UFFGW,Month-to-month,44.95,2,1,0.5146248196004436
9685-WKZGT,Month-to-month,74.95,14,1,0.5812439791489664
6000-APYLU,Month-to-month,80.8,9,1,0.6022529321421451
4817-VYYWS,Month-to-month,100.2,30,1,0.569011492638123
8626-XHBIE,Two year,24.8,56,0,0.0003508771929824561
1965-DDBWU,Month-to-month,89.05,16,1,0.41745300332718954
6979-ZNSFF,Month-to-month,87.05,8,1,0.7048480698668647
4020-KIUDI,Month-to-month,19.85,6,0,0.0788336680178956
2192-OZITF,Two year,73.55,45,0,0.020319242200709173
1989-PRJHP,Month-to-month,75.5,27,1,0.5251376805219126
7056-IMHCC,Month-to-month,101.9,53,1,0.5450235477689417
8034-RYTVV,One year,84.25,55,0,0.09500022433604421
3530-CRZSB,Month-to-month,20.65,7,0,0.1389107604221955
9121-PHQSR,Month-to-month,85.05,16,1,0.592520283631146
0365-GXEZS,Month-to-month,78.2,18,0,0.3680331625757076
2252-ISRNH,One year,90.35,9,0,0.2184849494635246
8242-JSVBO,Month-to-month,44.65,7,1,0.4071637256325119
6732-VAILE,Two year,85.95,70,0,0.03792396930437264
9626-WEQRM,Month-to-month,29.15,4,1,0.4445211259321972
3351-NGXYI,Month-to-month,54.1,16,1,0.4887238546569137
1414-YADCW,Two year,84.6,70,0,0.06184180142802129
4973-MGTON,Two year,84.4,71,0,0.011559939101528815
9048-JVYVF,Month-to-month,69.35,3,0,0.35160093797437464
1965-AKTSX,Month-to-month,78.95,14,1,0.6809172424040213
5619-XZZKR,One year,19.95,4,0,0.05054463908612737
2475-MROZF,Month-to-month,95.0,30,0,0.24928222467472555
8404-VIOMB,Two year,62.5,66,0,0.009713589842785164
3807-XHCJH,Month-to-month,20.0,1,0,0.2458148409130681
0386-CWRGM,Two year,19.4,46,0,0.0050889828360554355
9142-KZXOP,Month-to-month,68.85,44,0,0.2761084208537966
3213-VVOLG,Two year,25.35,0,0,0.05370193774603244
6198-RTPMF,Month-to-month,92.6,17,1,0.6105723151419874
4811-JBUVU,Month-to-month,89.9,30,0,0.33996759609104177
6016-NXBNJ,One year,19.15,35,0,0.02954496917206906
7596-IIWYC,Two year,20.25,27,0,0.013359080552510859
7241-AJHFS,Month-to-month,87.65,32,0,0.24545348825651728
7964-YESJC,Month-to-month,66.3,24,0,0.14888227330270293
4060-LDNLU,Month-to-month,96.2,7,1,0.7172955915893938
5857-TYBCJ,Month-to-month,89.2,44,1,0.562089433860996
6691-CCIHA,Two year,84.95,62,0,0.020263556855393244
7799-DSEWS,Month-to-month,68.35,18,0,0.22932521158327668
1754-GKYPY,Month-to-month,89.75,22,1,0.5245218164636077
2530-FMFXO,Two year,103.2,56,0,0.06772030459940266
4229-CZMLL,Month-to-month,74.9,6,1,0.6175799194862042
7929-SKFGK,Two year,114.3,70,0,0.0759566310409444
0388-EOPEX,Month-to-month,74.4,2,1,0.531523623829538
0315-LVCRK,Month-to-month,84.8,11,1,0.5457964068037044
2267-WTPYD,Month-to-month,94.0,57,0,0.330904614546293
8200-LGKSR,Two year,83.2,71,0,0.023617222899665898
6718-BDGHG,One year,64.85,43,0,0.1076292315138791
2732-ISEZX,Month-to-month,20.5,5,0,0.12542904192494533
0147-ESWWR,Month-to-month,101.25,39,1,0.4866525594266451
6777-TGHTM,One year,106.95,53,0,0.17110263316375704
7622-FWGEW,Two year,85.65,56,0,0.028231725645891496
4538-WNTMJ,One year,24.95,46,0,0.02230710974099798
7180-PISOG,Month-to-month,74.5,1,1,0.8294934189437724
7534-BFESC,Month-to-month,76.1,24,1,0.558545974825391
9940-RHLFB,Month-to-month,75.3,1,1,0.7198235967608884
5376-DEQCP,Month-to-month,70.6,1,1,0.7530667099239294
8720-RQSBJ,Month-to-month,44.0,1,1,0.5555577028918289
5180-UCIIQ,Month-to-month,40.05,22,0,0.1811119619704261
1156-ZFYDO,Month-to-month,19.75,1,0,0.26459072642879067
5149-QYTTU,One year,95.15,71,0,0.013573451660138965
2761-XECQW,Month-to-month,43.35,8,0,0.35500013727284224
6198-ZFIOJ,Month-to-month,75.6,5,1,0.6515986930454664
6543-CPZMK,Month-to-month,29.95,9,1,0.46769026178352036
7905-NJMXS,Month-to-month,64.2,7,0,0.3192874643325638
4905-JEFDW,One year,41.6,11,0,0.3201725859316919
9163-GHAYE,Month-to-month,48.85,15,0,0.2706366854540043
8375-DKEBR,Month-to-month,69.6,1,1,0.7816520274672593
0410-IPFTY,Month-to-month,83.85,31,1,0.4511850052535186
7142-HVGBG,Month-to-month,103.0,43,1,0.6194598783496886
9938-PRCVK,Two year,19.7,41,0,0.0006518243661100804
3797-FKOGQ,Month-to-month,86.2,11,1,0.4526710430454715
5052-PNLOS,Month-to-month,105.35,3,1,0.7268132941481272
1744-JHKYS,Month-to-month,24.7,34,0,0.07964319030076075
0181-RITDD,Two year,108.15,62,0,0.022944377565410467
5893-PYOLZ,Two year,81.8,56,0,0.04817029139440513
8752-STIVR,Month-to-month,79.0,4,1,0.7096275500144321
5445-PZWGX,One year,102.0,62,0,0.13243845815668287
7109-CQYUZ,Two year,89.25,52,0,0.018932773997432886
2386-LAHRK,Month-to-month,53.5,1,1,0.5830988727026026
4489-SNOJF,Month-to-month,72.25,35,0,0.10272999426080104
9907-SWKKF,Month-to-month,25.05,1,1,0.5551311773864034
1722-LDZJS,One year,20.2,53,0,0.007514465445797924
4182-BGSIQ,Month-to-month,19.8,10,0,0.1241936776049359
8822-KNBHV,One year,83.45,48,0,0.1447179442484932
7799-LGRDP,Two year,25.7,43,0,0.012057528625334702
4211-MMAZN,Month-to-month,20.25,1,0,0.2799792975368235
3006-XIMLN,Month-to-month,94.2,2,1,0.8245097120914135
5815-HGGHV,One year,64.15,20,0,0.08020939101092132
6797-UCJHZ,One year,104.6,66,0,0.27732370096996783
5965-GGPRW,Two year,105.25,72,0,0.02961386652486049
1855-AGAWH,One year,93.8,31,1,0.4735797833043956
2782-LFZVW,Month-to-month,58.95,11,1,0.4135779760448131
1444-VVSGW,One year,115.65,70,0,0.15215097134317368
7605-SNLQG,Month-to-month,50.25,45,0,0.1680831346051944
2233-FAGXV,Month-to-month,24.3,5,0,0.14660368522622713
5759-RCVCB,Month-to-month,35.2,3,1,0.44796734701125307
2581-VKIRT,One year,65.5,59,0,0.046964797038590814
7305-ZWMAJ,One year,20.7,30,0,0.015342085676566848
1768-ZAIFU,Month-to-month,25.2,1,1,0.7408874212821912
3877-JRJIP,Month-to-month,59.85,1,1,0.5033562437484304
0952-KMEEH,Month-to-month,98.15,13,1,0.48076581913754896
1448-PWKYE,Month-to-month,80.0,1,1,0.811149040175507
9050-QLROH,Month-to-month,90.7,18,1,0.44529819003280885
9786-YWNHU,Two year,63.55,63,0,0.007035895832273808
6817-WTYHE,Month-to-month,44.9,2,1,0.48298940272584956
2203-GHNWN,Month-to-month,79.65,24,1,0.43849679673389
4154-AQUGT,Month-to-month,89.05,13,1,0.43916070907536287
4672-FOTSD,Month-to-month,67.25,12,0,0.31636323566232105
4425-OWHWB,One year,19.35,20,0,0.024776385800771315
3658-KIBGF,Month-to-month,54.9,1,1,0.4894101333265048
5628-FCGYG,Month-to-month,84.1,21,1,0.6205471677815173
7067-KSAZT,One year,106.25,65,0,0.32720393014110094
7049-GKVZY,One year,79.85,17,0,0.21595135184035633
7054-ENNGU,Month-to-month,50.85,9,0,0.25238004685540766
4104-PVRPS,Month-to-month,53.6,24,0,0.13431112326118164
5151-HQRDG,Month-to-month,55.05,37,0,0.11765413706458253
8608-OZTLB,One year,74.05,38,0,0.03177390353960158
6575-SUVOI,Month-to-month,69.5,25,0,0.23186864265846016
0979-PHULV,Month-to-month,99.45,69,1,0.4213130074591118
2245-ADZFJ,Two year,80.55,31,0,0.06508349690673229
7075-BNDVQ,Month-to-month,35.0,4,0,0.3365751430163225
5203-XEHAX,One year,64.35,34,0,0.0721848168311982
8853-TZDGH,Two year,111.6,72,0,0.10871683441051273
5175-WLYXL,Month-to-month,78.85,22,1,0.4582586366851894
1522-VVDMG,Month-to-month,89.75,7,1,0.5833654833491382
8198-RKSZG,Month-to-month,80.45,14,0,0.1780359566829621
5003-XZWWO,Two year,84.2,71,0,0.023011817156560654
3160-TYXLT,Month-to-month,46.3,53,0,0.18715927272415303
7274-CGTOD,Two year,43.7,62,0,0.013892788262235469
8327-WKMIE,One year,20.15,37,0,0.019834856312818214
8397-MVTAZ,Month-to-month,100.05,34,1,0.6524881923090129
4713-ZBURT,Two year,99.7,45,0,0.09425865637630343
1898-JSNDC,One year,58.6,39,0,0.11315832981085483
3170-NMYVV,Two year,20.15,50,0,0.01426613928116591
1397-XKKWR,One year,35.3,7,0,0.12002222860084955
1194-HVAIF,Month-to-month,95.0,27,1,0.48382642160118183
3882-IYOIJ,Two year,115.25,60,0,0.018878916089261046
1751-NCDLI,Month-to-month,98.85,46,1,0.6525424720214399
1482-OXZSY,Month-to-month,100.4,30,1,0.4733758350729031
9052-VKDUW,Month-to-month,109.4,65,0,0.29780543554595246
6035-RIIOM,Two year,97.2,54,0,0.15489832478213367
4919-MOAVT,Month-to-month,69.65,3,1,0.5590106323566725
6112-KTHFQ,Month-to-month,19.3,13,0,0.09859112016897452
6376-GAHQE,Month-to-month,77.85,4,1,0.6234931264636916
7198-GLXTC,Month-to-month,79.0,2,1,0.6813880789783698
3891-PUQOD,Month-to-month,59.2,1,1,0.42172469785100586
3566-HJGPK,Month-to-month,45.55,1,1,0.5814189558542542
2176-OSJUV,Two year,65.15,71,0,0.031154963871701608
6135-OZQVA,Month-to-month,53.65,7,1,0.4334768333165164
8292-FRFZQ,One year,41.15,39,0,0.039507983143079836
3096-WPXBT,One year,100.7,61,0,0.0207012987012987
0876-WDUUZ,Month-to-month,85.4,5,1,0.522864528975942
2845-HSJCY,Month-to-month,87.25,14,1,0.6511050909050049
3097-FQTVJ,Two year,20.0,41,0,0.004207057899982956
0628-CNQRM,One year,67.5,22,0,0.10851281917133557
0793-TWELN,Month-to-month,80.15,4,1,0.5270177952499779
3255-GRXMG,Month-to-month,45.65,18,0,0.1665611810129684
3627-FHKBK,Month-to-month,75.3,1,1,0.579787749018627
0506-LVNGN,Month-to-month,75.55,5,1,0.5525869335711768
2995-UPRYS,One year,99.2,40,0,0.21808456432285447
9391-DXGGG,One year,89.15,44,0,0.17802195083545214
5442-BHQNG,Month-to-month,70.35,2,1,0.6430273344014821
0447-BEMNG,Month-to-month,45.3,48,0,0.12188482016047168
7758-UJWYS,Two year,40.55,34,0,0.0379390142021721
7064-JHXCE,Two year,20.05,62,0,0.0009071646542372538
1902-XBTFB,Month-to-month,89.4,22,1,0.49296488317716125
2761-OCIAX,Month-to-month,74.7,2,1,0.6324551535440359
9625-QNLUX,Two year,103.25,68,0,0.02017393757997137
2694-CIUMO,Month-to-month,79.55,12,1,0.4912515461288002
9840-DVNDC,Month-to-month,80.5,6,1,0.5912698998797167
4567-AKPIA,One year,109.1,41,0,0.055071343234477155
3950-VPYJB,One year,59.6,57,0,0.016952460258716634
2808-CHTDM,Two year,25.1,23,0,0.006266233766233766
7017-VFHAY,Two year,115.1,61,0,0.021378916089261044
2955-BJZHG,Month-to-month,80.85,17,1,0.5522471601613574
0619-OLYUR,Two year,111.9,72,0,0.10930575435272755
0093-EXYQL,Month-to-month,91.55,40,1,0.5101750199542898
0584-BJQGZ,Month-to-month,78.35,25,0,0.14485017072662756
6821-BUXUX,Month-to-month,96.65,13,1,0.6103351650327853
5198-HQAEN,One year,89.7,35,0,0.04987572380301017
3721-CNEYS,Month-to-month,70.95,2,1,0.6488794670017213
3926-YZVVX,One year,50.05,41,0,0.08843573936996357
9465-RWMXL,Month-to-month,78.9,32,1,0.5397029702146885
4366-CTOUZ,Two year,100.2,50,0,0.19917667361666638
0657-DOGUM,One year,60.6,48,0,0.04872842364782273
4667-OHGKG,Month-to-month,19.3,1,0,0.3646081041812957
1297-VQDRP,One year,107.15,68,0,0.07572330272516338
0089-IIQKO,Month-to-month,99.95,39,0,0.15945918641256454
1518-OMDIK,Month-to-month,44.55,33,0,0.17942550263365717
9633-DENPU,Month-to-month,58.6,47,0,0.14018008485838962
2410-CIYFZ,Month-to-month,20.4,2,0,0.09845181990105441
1635-HDGFT,Two year,20.5,19,0,0.0062392369535226675
0134-XWXCE,One year,74.85,44,0,0.10212091344758716
9477-LGWQI,Two year,80.15,70,0,0.013918159192623685
0196-JTUQI,Month-to-month,75.2,9,1,0.5668295284178106
7727-SHVZV,Month-to-month,19.5,9,0,0.179405282591589
2391-SOORI,Month-to-month,49.35,4,0,0.36913046625634954
5982-FPVQN,Month-to-month,95.15,37,0,0.11327599000918594
0168-XZKBB,Month-to-month,86.85,19,1,0.6206340916983011
3961-SXAXY,Month-to-month,44.05,1,1,0.5573994108835617
0562-HKHML,Two year,23.9,71,0,0.00012987012987012987
8696-JKZNU,Month-to-month,76.25,37,1,0.5461333431763497
9254-RBFON,One year,98.6,17,0,0.30730992178031075
1236-WFCDV,Month-to-month,90.45,14,1,0.4075323803102566
3280-MRDOF,Two year,69.1,30,0,0.09685380121830292
8245-UMPYT,Month-to-month,96.4,16,1,0.7263295785829987
5522-NYKPB,Month-to-month,85.9,25,0,0.14047855157797684
6383-ZTSIW,One year,99.1,39,0,0.23162410684455403
4933-IKULF,One year,20.65,17,0,0.03304690635150168
7789-CRUVC,Month-to-month,94.2,61,0,0.2007166690719867
4059-IIEBK,Month-to-month,78.55,7,1,0.6771366023038209
9239-GZHZE,Two year,113.65,72,0,0.023589793611323472
3237-AJGEH,Month-to-month,31.0,3,0,0.32576393661200426
4718-DHSMV,Month-to-month,35.8,11,0,0.3948849553894713
0866-QLSIR,One year,64.4,34,0,0.05690484913976032
1830-GGFNM,Two year,94.55,65,0,0.013842932179619485
6243-OZGFH,Month-to-month,44.95,23,0,0.3471600686805828
8096-LOIST,Month-to-month,56.2,19,0,0.34189762192707773
2323-ARSVR,Two year,111.05,67,0,0.10164886052337366
3766-EJLFL,Two year,109.05,68,0,0.020845320111940215
7162-WPHPM,Two year,71.6,58,0,0.008734801747959643
5726-CVNYA,Two year,19.85,8,0,0.10780423649535589
2038-LLMLM,Month-to-month,103.85,48,1,0.46577376717556845
8128-YVJRG,Month-to-month,79.65,7,1,0.4851297550089966
2162-FRZAA,Two year,39.35,63,0,0.020357142857142862
9548-LIGTA,Two year,81.05,61,0,0.03814577100101478
1307-ATKGB,Month-to-month,89.55,24,1,0.47696175110120015
5976-JCJRH,Month-to-month,70.3,10,1,0.581098222542724
0795-XCCTE,Two year,25.4,72,0,0.007407814407814406
2995-YWTCD,Two year,24.9,19,0,0.016028860028860028
3318-ISQFQ,Month-to-month,19.5,20,0,0.08805959843915692
2469-DTSGX,Two year,111.65,72,0,0.1367141961413251
8896-BQTTI,Month-to-month,25.0,1,0,0.27941956675172025
9565-DJPIB,Month-to-month,89.6,4,1,0.6559901197282407
0363-QJVFX,Month-to-month,108.15,32,0,0.29522647465441293
5602-BVFMK,One year,19.3,12,0,0.05143836220564115
5847-MXBEO,One year,20.3,22,0,0.015791327680765032
9214-EKVXR,Month-to-month,44.0,1,1,0.5723679704728296
7752-XUSCI,Month-to-month,105.9,60,1,0.4814657579035328
5781-BKHOP,Two year,100.65,72,0,0.06804854503121012
0458-HEUZG,Two year,35.4,13,0,0.09274606208671682
3721-CNZHX,One year,19.8,15,0,0.035237639768739594
4115-NZRKS,Month-to-month,89.15,7,1,0.6789914063181357
2209-XADXF,Month-to-month,25.25,1,1,0.5025658973118518
7410-OIEDU,Month-to-month,79.85,10,1,0.4297819297567999
3318-OSATS,Month-to-month,95.45,35,1,0.6479134992029262
4137-BTIKL,Month-to-month,90.75,2,1,0.5290420301057808
2404-JIBFC,Two year,85.1,55,0,0.0026476822530064393
0848-SOMKO,Two year,48.4,70,0,0.04486913778180645
8374-UULRV,Two year,86.05,72,0,0.023142573781132575
7964-ZRKKG,One year,88.4,67,0,0.20322358298056564
9844-FELAJ,One year,107.9,70,0,0.05891577369631151
4176-FXYBO,Month-to-month,109.55,54,0,0.346332197528475
3319-DWOEP,Month-to-month,95.75,6,1,0.6989049922162621
9885-MFVSU,Two year,46.35,35,0,0.053949952455663336
6016-LVTJQ,Month-to-month,20.65,34,0,0.025728461917528686
7470-MCQTK,Month-to-month,48.75,13,0,0.3496285396349591
4690-PKDQG,Month-to-month,95.55,42,1,0.5750120722168433
5127-BZENZ,One year,65.2,56,0,0.09365827611860374
6339-YPSAH,Month-to-month,73.8,9,1,0.5228016999950534
5271-YNWVR,Two year,113.15,68,0,0.055071248783565084
7975-JMZNT,Two year,91.7,66,0,0.020106860467092976
4821-WQOYN,Two year,20.1,72,0,0.001656488247310847
2905-KFQUV,Month-to-month,70.4,2,1,0.6534634122632066
0595-ITUDF,Month-to-month,91.8,64,0,0.07511049719396694
6510-UPNKS,One year,24.8,23,0,0.04835875663057875
5564-NEMQO,Month-to-month,75.3,1,1,0.7146859368701567
4412-YLTKF,Month-to-month,78.05,27,0,0.28002821550986995
6463-MVYRY,Two year,69.85,57,0,0.03927413793990141
8887-IPQNC,Month-to-month,44.25,7,0,0.3838877746545839
7268-IGMFD,Month-to-month,93.9,18,0,0.34702232603292693
5871-DGTXZ,One year,19.8,32,0,0.015784392935670927
7030-FZTFM,Two year,110.9,72,0,0.0324091440900338
4550-VBOFE,Month-to-month,102.95,70,1,0.44768899080447405
2243-FNMMI,Month-to-month,19.4,20,0,0.06073647087315495
7216-EWTRS,Month-to-month,100.8,1,1,0.8515315764930059
7571-YXDAD,Month-to-month,74.9,2,1,0.6884425568368302
7729-XBTWX,Two year,19.75,66,0,0.005279671232626185
2205-LPVGL,One year,89.85,58,0,0.020683246277286526
1022-RKXDR,One year,24.85,41,0,0.03798960971281298
0336-KXKFK,Two year,61.2,72,0,0.018602646671316992
6356-ELRKD,Month-to-month,95.6,1,1,0.757830762514445
8190-ZTQFB,One year,51.35,41,0,0.23322100661367007
6369-MCAKO,Two year,89.05,68,0,0.004471657297569719
6250-CGGUN,One year,84.4,54,0,0.12132143420408545
7148-XZPHA,Month-to-month,79.4,55,0,0.1165640202501147
5702-SKUOB,Month-to-month,19.6,4,0,0.1791905372514581
6103-LIANB,Two year,99.5,59,0,0.05175403999153559
9388-ZEYVT,One year,44.15,43,0,0.08859229135780812
7009-LGECI,Month-to-month,50.55,4,0,0.3730620352786779
5804-HYIEZ,Month-to-month,106.05,70,0,0.1233771497319884
0906-QVPMS,Two year,115.15,72,0,0.07039113629076915
1069-XAIEM,Month-to-month,85.05,1,1,0.8473461941552103
9831-BPFRI,One year,89.55,39,0,0.20937582135832847
9494-BDNNC,One year,95.3,66,0,0.3341463310511172
2725-TTRIQ,Two year,84.2,72,0,0.0007216572975697188
6877-LGWXO,Month-to-month,78.55,18,1,0.4679759135531176
2373-NTKOD,Month-to-month,66.25,8,0,0.3693689978141988
2346-LOCWC,Two year,20.5,58,0,0.0013270780741506734
5327-CNLUQ,Two year,96.9,48,0,0.14917333458567494
1702-CCFNJ,Month-to-month,61.35,52,0,0.15358213054197722
0292-WEGCH,Month-to-month,86.2,54,0,0.08572553822279158
0397-ZXWQF,Two year,20.5,67,0,0.0025778611632270164
0111-KLBQG,Month-to-month,93.95,32,0,0.10426070186942032
0219-YTZUE,Month-to-month,84.8,4,1,0.7453943024310131
0376-OIWME,Month-to-month,93.6,36,1,0.47000812835720074
2533-TIBIX,Month-to-month,30.2,15,0,0.15013526753677414
0744-GKNGE,Month-to-month,86.8,64,0,0.08564624632437776
3482-ABPKK,One year,54.3,28,0,0.04985664631861697
5647-URDKA,Two year,19.7,8,0,0.014738768012647775
2929-ERCFZ,Month-to-month,94.2,8,1,0.7292020670376451
6432-TWQLB,Month-to-month,85.4,5,1,0.6710013121796511
7526-BEZQB,Month-to-month,96.05,12,1,0.7574702318106435
8161-QYMTT,Month-to-month,94.1,7,1,0.7870607779271473
1928-BXYIV,Month-to-month,61.15,1,0,0.38465997054248374
6723-CEGQI,Two year,45.25,65,0,0.014679504403642336
1047-RNXZV,Two year,19.55,43,0,0.0008143829763775188
6599-GZWCM,One year,74.65,13,0,0.26795494797260233
5792-JALQC,Two year,59.85,52,0,0.08149010711510708
3346-BRMIS,Month-to-month,48.35,18,1,0.42194103323995974
9124-LHCJQ,Month-to-month,85.45,1,1,0.8195862816069437
7103-IPXPJ,One year,99.4,50,0,0.29837386091582707
7994-XIRTR,One year,65.25,54,0,0.09965726220916
0229-LFJAF,Two year,69.65,72,0,0.013138457728583647
8111-SLLHI,Month-to-month,105.65,39,1,0.6305180658487025
0056-EPFBG,Two year,39.4,20,0,0.028179634692792582
1171-TYKUR,Month-to-month,25.4,47,0,0.09850097555330835
0375-HVGXO,Month-to-month,34.7,1,1,0.6748909194014299
0484-FFVBJ,One year,64.85,32,0,0.19968631270307288
1091-SOZGA,One year,99.8,56,0,0.254331773487512
4565-NLZBV,Two year,24.65,71,0,0.013369232912175106
4373-VVHQL,Month-to-month,44.75,1,1,0.604568265614212
8191-XWSZG,One year,20.65,52,0,0.029047594177897092
0225-ZORZP,Month-to-month,84.3,3,1,0.5877195663973942
4626-OZDTJ,One year,78.65,51,0,0.12511094100635373
9154-QDGTH,One year,104.3,43,0,0.06366246943013212
8670-MEFCP,Two year,92.9,36,0,0.016547936741137068
4304-XUMGI,Two year,75.15,50,0,0.03227669747565623
2607-FBDFF,Month-to-month,49.0,1,1,0.46093953235836127
1506-YJTYT,Two year,73.85,45,0,0.009461560763511763
2969-VAPYH,One year,60.5,67,0,0.05057513272146669
8621-MNIHH,Month-to-month,94.25,34,1,0.559336756333376
0471-ARVMX,One year,104.85,62,0,0.2395651049063167
0463-TXOAK,Two year,25.6,52,0,0.013683766233766236
1051-GEJLJ,Month-to-month,19.5,2,0,0.2524997465417891
0708-LGSMF,Month-to-month,65.85,13,0,0.3814678324455912
3061-BCKYI,Month-to-month,19.9,14,0,0.08940879279040669
6848-HJTXY,Two year,19.45,64,0,0.003045434945785375
1932-UEDCX,Month-to-month,100.6,33,1,0.5677921188246268
9065-ZCPQX,Two year,78.85,72,0,0.014739750068127803
5451-MHQOF,One year,24.45,56,0,0.048794023083884225
6637-KYRCV,Month-to-month,30.5,5,0,0.38532064207500033
9067-YGSCA,One year,26.05,70,0,0.06371227438388707
9373-WSLOY,Month-to-month,50.0,33,0,0.24183476848778748
5934-RMPOV,Month-to-month,84.75,22,0,0.27632129535262795
2587-EKXTS,Month-to-month,111.5,44,0,0.376001270166002
5133-VRSAB,Month-to-month,29.35,8,0,0.29850765181531874
3572-UUHRS,One year,18.85,45,0,0.025557322564601033
3934-HXCFZ,Month-to-month,99.25,23,1,0.543392900948826
4123-FCVCB,One year,75.85,12,0,0.23869877202794396
1020-JPQOW,Month-to-month,90.55,56,0,0.31293806895938864
1942-OQFRW,Month-to-month,44.0,1,1,0.5538888052767165
7558-IMLMT,Two year,20.8,67,0,0.002191435938508538
0016-QLJIS,Two year,90.45,65,0,0.0007216572975697188
5022-KVDQT,Month-to-month,81.3,27,1,0.5410045389788627
1009-IRMNA,Month-to-month,20.0,7,0,0.17892129890487965
0093-XWZFY,Month-to-month,104.5,40,1,0.5111324072112357
3442-ZHHCC,One year,76.9,68,0,0.16750672764799193
9025-AOMKI,Month-to-month,93.55,6,1,0.774778101552523
3317-HRTNN,Month-to-month,45.7,5,1,0.5354621619727434
7587-RZNME,Month-to-month,43.3,3,1,0.5582850063742216
4855-SNKMY,Month-to-month,44.1,1,1,0.5689649725243944
3908-MKIMJ,Two year,41.95,68,0,0.07174214155409805
1442-OKRJE,One year,103.15,66,0,0.032415524834642474
4644-OBGFZ,One year,19.5,55,0,0.004751018763047444
5054-IEXZT,Month-to-month,75.35,1,1,0.7629395497463214
6551-VLJMV,Two year,20.05,34,0,0.0018657803169229324
6918-UMQCG,Month-to-month,80.2,5,1,0.6742017484389029
4475-NVTLU,Two year,19.2,45,0,0.0059105656248513395
2829-HYVZP,One year,19.8,29,0,0.033424861209855834
7901-IIDQV,One year,54.6,24,0,0.09648330271593084
4291-HYEBC,One year,39.1,28,0,0.09621725350672719
0148-DCDOS,Month-to-month,94.7,25,1,0.48192506597099827
6522-YRBXD,Month-to-month,94.55,35,1,0.4376263100746736
9786-IJYDL,Two year,113.2,35,0,0.19695839625837877
3807-BPOMJ,One year,94.75,55,0,0.202229030190298
9692-TUSXH,Month-to-month,96.05,18,1,0.5329332966670328
3097-NQYSN,Month-to-month,86.85,2,1,0.7653897301123399
1264-FUHCX,One year,56.3,49,0,0.18132337961456976
5569-KGJHX,Month-to-month,85.35,9,1,0.6853818227254158
8590-YFFQO,Two year,64.95,70,0,0.030195673682245797
6549-NNDYT,Month-to-month,30.85,13,0,0.30308770885632064
4163-KIUHY,Month-to-month,25.6,35,0,0.09907669769895437
3956-MGXOG,Month-to-month,80.6,28,1,0.514795890883051
4781-ZXYGU,Month-to-month,20.15,1,0,0.3093838890528291
9578-FOMUK,Month-to-month,24.8,15,0,0.16958155581417056
8966-SNIZF,Two year,19.45,70,0,0.008065226305252932
4816-LXZYW,Month-to-month,79.15,23,1,0.5606345713551103
9488-HGMJH,Month-to-month,71.15,1,1,0.7515641205658379
9586-JGQKH,Two year,105.4,64,0,0.14234025868982703
7587-AOVVU,Month-to-month,100.75,27,0,0.11978919239841396
4993-JCRGJ,Month-to-month,84.3,26,1,0.40620079191780883
2455-USLMV,Month-to-month,84.75,31,0,0.3097201424349744
3985-HOYPM,One year,19.4,26,0,0.011135270128653382
0014-BMAQU,Two year,84.65,63,0,0.08380306724987385
4112-LUEIZ,Month-to-month,89.5,10,1,0.6776560738874912
7036-ZZKBD,Month-to-month,66.4,31,0,0.1916068254218021
8902-ZEOVF,One year,20.05,47,0,0.004118484630513312
9027-TMATR,Two year,78.8,43,0,0.06036952246054441
3768-NLUBH,Month-to-month,100.6,57,1,0.48206345043049603
8229-BUJHX,Two year,20.5,71,0,0.003389919604205318
8603-IJWDN,Month-to-month,86.6,1,1,0.8728721412824655
0325-XBFAC,Month-to-month,94.7,8,1,0.7189311255555682
3391-JSQEW,Month-to-month,50.15,40,0,0.15451583251967693
1169-SAOCL,One year,106.65,49,0,0.362544064420114
1735-XMJVH,Month-to-month,19.35,8,0,0.16727451460524217
2439-LYPMQ,Month-to-month,102.6,38,1,0.6281886274605519
2103-ZRXFN,Month-to-month,50.75,1,1,0.5788222347747779
2114-MGINA,Month-to-month,89.8,14,1,0.5439094634112717
9089-UOWJG,Month-to-month,58.35,12,0,0.185114021045248
4318-RAJVY,One year,19.8,10,0,0.0503839165344572
9090-SGQXL,Month-to-month,105.3,68,1,0.45822911959252577
3717-OFRTN,Month-to-month,19.75,1,0,0.2948165431515542
5067-WJEUN,Two year,54.2,67,0,0.02272900227791532
0094-OIFMO,Month-to-month,95.0,11,1,0.4012919966107413
3551-HUAZH,Month-to-month,74.4,1,1,0.8165913732302386
8943-URTMR,Month-to-month,79.65,2,1,0.6503932217854137
7133-VBDCG,Month-to-month,79.85,25,0,0.28142100841124684
5605-XNWEN,Two year,25.0,72,0,0.003716736869660408
1539-LNKHM,Month-to-month,20.4,12,0,0.08544320644595396
0640-YJTPY,Two year,21.0,72,0,0.0007081014223871367
5351-QESIO,Month-to-month,24.2,1,1,0.4356481091955059
9867-NNXLC,Month-to-month,20.05,22,0,0.07783147510547388
4081-DYXAV,One year,44.85,19,0,0.2201900619822818
6996-KNSML,Month-to-month,74.9,1,1,0.7675513585261483
8672-OAUPW,One year,47.85,51,0,0.0856381369566603
5829-NVSQN,One year,68.75,23,0,0.09098068136105178
5138-WVKYJ,Month-to-month,98.55,10,1,0.5761222841360456
4806-KEXQR,Month-to-month,79.9,4,1,0.6979481511423868
4098-NAUKP,Month-to-month,84.65,68,0,0.11207068425720516
4128-ETESU,Month-to-month,99.7,47,1,0.4683633602873725
0594-UFTUL,Month-to-month,19.85,13,0,0.10041428597088559
0248-PGHBZ,Two year,92.45,67,0,0.10884647489154663
2056-EVGZL,One year,105.75,68,0,0.05937773622620692
1013-QCWAM,Month-to-month,100.8,66,1,0.4775857744299923
6834-NXDCA,Month-to-month,23.9,13,1,0.4836282725511227
4525-VZCZG,One year,105.85,54,0,0.09420925655644323
4702-HDRKD,One year,49.35,67,0,0.05463794207667847
2479-BRAMR,Month-to-month,83.75,41,0,0.3811784242902757
6286-ZHAOK,Month-to-month,25.55,20,0,0.05995054272811748
3893-JRNFS,Month-to-month,39.9,68,0,0.26529451001355653
5876-QMYLD,One year,20.05,23,0,0.019099976900035624
6507-DTJZV,Month-to-month,66.4,13,0,0.22013385604977814
8984-EYLLL,Two year,105.25,64,0,0.21519608139480173
1389-WNUIB,One year,76.0,20,0,0.046107487079913544
3678-MNGZX,Two year,19.95,68,0,0.0004700061842918986
3786-WOVKF,One year,106.85,72,0,0.2350746382568855
9489-UTFKA,Month-to-month,60.9,8,0,0.3066711915542973
3345-JHUEO,Month-to-month,20.2,4,0,0.1277860201894466
7663-ZTEGJ,One year,100.55,29,0,0.14614838018542003
5740-YHGTW,Month-to-month,97.55,70,0,0.09808175944975607
5256-SKJGO,Two year,54.6,64,0,0.14212994078735416
2774-LVQUS,Month-to-month,83.05,15,1,0.5644758139120938
0829-DDVLK,One year,20.1,15,0,0.06031494544685672
3070-BDOQC,Two year,99.65,60,0,0.2584933786290037
4933-BSAIP,Two year,19.1,40,0,0.014527557673840938
0661-KBKPA,One year,78.75,53,0,0.036033097306650115
6141-OOXUQ,Month-to-month,19.65,1,0,0.2826024885510265
0582-AVCLN,Two year,20.3,38,0,0.00471987841280347
7469-LKBCI,Two year,18.95,16,0,0.03148369080772732
6518-LGAOV,Month-to-month,105.0,38,1,0.5121209660756806
8319-QBEHW,One year,39.95,26,0,0.09950720783048368
4587-NUKOX,Month-to-month,79.1,3,1,0.4618887429317385
1205-WNWPJ,Month-to-month,59.5,7,0,0.3081952104499722
6341-AEVKX,One year,104.3,62,0,0.2707005047955671
5669-SRAIP,Month-to-month,39.5,5,1,0.5315843173306674
1621-YNCJH,Two year,106.05,36,0,0.13267318755073526
4351-QLCSU,Month-to-month,55.0,1,1,0.5633747878612646
6538-POCHL,Month-to-month,79.0,33,0,0.350563948945159
2107-FBPTK,Month-to-month,104.1,30,1,0.6084709362894226
1257-SXUXQ,Month-to-month,19.45,5,0,0.08560462269893321
1697-NVVGY,Month-to-month,66.4,19,0,0.22386745855091117
5696-CEIQJ,Two year,103.15,67,0,0.02185494006338518
0030-FNXPP,Month-to-month,19.85,3,0,0.15914806048265098
0578-SKVMF,Month-to-month,83.3,22,1,0.46025518936723436
8563-IIOXK,One year,49.75,7,0,0.16866928260972003
7315-WYOAW,Month-to-month,100.75,13,1,0.5733540549251128
6968-URWQU,One year,56.35,43,0,0.16771132952534867
6169-PGNCD,Two year,74.3,57,0,0.03144321153745145
4418-LZMSV,Month-to-month,61.8,13,0,0.12179682425732126
5605-IYGFG,Month-to-month,69.85,7,1,0.5516888943071371
7579-OOPEC,Month-to-month,50.15,2,1,0.45853047337745756
2786-GCDPI,Month-to-month,104.95,50,1,0.4846609284671953
5651-YLPRD,Month-to-month,86.1,32,0,0.09836121938387096
6621-YOBKI,Month-to-month,20.35,5,0,0.14395440449299846
0193-ESZXP,One year,105.5,58,0,0.24687658382629663
0187-QSXOE,Month-to-month,89.0,7,1,0.6887992097888075
5981-ZVXOT,One year,108.35,35,0,0.3189516156744597
6997-UVGOX,Two year,85.45,71,0,0.00244097259530678
4072-IPYLT,Month-to-month,51.05,36,0,0.07646099507613634
0420-HLGXF,Month-to-month,99.75,39,1,0.6539740548124757
1043-YCUTE,Two year,25.15,56,0,0.0009563503962304562
0907-HQNTS,Two year,113.0,70,0,0.04375339834791404
8993-IZEUX,Month-to-month,69.15,7,1,0.5023959857008254
9589-ABEPT,Two year,92.45,69,0,0.1484956695918977
4503-BDXBD,Month-to-month,74.95,11,1,0.4011999147317755
2080-CAZNM,Month-to-month,104.4,41,1,0.5982135091737489
9028-LIHRP,Two year,100.2,71,0,0.021359055154407475
5966-EMAZU,One year,108.5,64,0,0.18126071718016817
4931-TRZWN,Month-to-month,71.95,13,0,0.38561148732901207
0723-VSOBE,One year,34.2,45,0,0.14933314416416874
9391-EOYLI,Month-to-month,80.45,12,1,0.6097592409372039
6248-TKCQV,Two year,80.6,70,0,0.042256520016858756
2969-WGHQO,One year,69.45,7,0,0.08081748947737913
7460-ITWWP,Month-to-month,86.1,45,1,0.49672089708510186
9993-LHIEB,Two year,67.85,67,0,0.04598435837107757
8035-BUYVG,One year,42.35,40,0,0.07198628642236964
8443-WVPSS,Month-to-month,99.85,10,1,0.5842729480380905
4710-FDUIZ,One year,100.3,56,0,0.30542308780271604
6645-MXQJT,Month-to-month,97.1,2,1,0.416472548359116
5394-MEITZ,Two year,80.6,60,0,0.03709538473088139
1258-YMZNM,One year,110.5,27,0,0.2790647045503886
3712-PKXZA,One year,20.55,61,0,0.0384762859740954
9058-CBREO,Month-to-month,50.55,1,1,0.6169088385786995
6257-DTAYD,Two year,104.15,71,0,0.14376430675663202
9248-OJYKK,Month-to-month,76.45,1,1,0.8424509929208993
7776-QWNFX,Month-to-month,50.4,30,0,0.14573015503202905
5970-GHJAW,Two year,19.95,46,0,0.0009071646542372538
2710-WYVXG,Two year,71.1,3,0,0.10361164272847302
5619-PTMIK,Month-to-month,53.1,46,0,0.13674732212405896
2408-WITXK,Month-to-month,34.7,10,1,0.533815096009441
5215-LNLDJ,Month-to-month,24.7,7,0,0.37684631870459784
0254-KCJGT,One year,81.4,52,0,0.11688541450462289
7638-QVMVY,Month-to-month,79.0,7,1,0.6663874626702203
7196-LIWRH,Two year,19.55,6,0,0.03380338975606121
4817-QRJSX,Month-to-month,81.0,10,1,0.5908333307961577
5062-CJJKH,One year,53.65,25,0,0.04398267325075796
2266-FUBDZ,Two year,19.35,15,0,0.014264307511380112
2429-AYKKO,Two year,19.85,72,0,0.0013011953003542575
9970-QBCDA,Month-to-month,19.7,6,0,0.10752016246577098
5840-NVDCG,Two year,68.25,16,0,0.0396035547815117
9063-ZGTUY,Month-to-month,19.4,61,0,0.13537407625093634
6457-USBER,Month-to-month,80.8,1,1,0.8380371423219424
2108-GLPQB,Month-to-month,55.55,25,0,0.15660440211374793
8010-EZLOU,Month-to-month,80.2,15,1,0.652275215186154
0716-BQNDX,Two year,93.75,57,0,0.12652092485071034
0608-JDVEC,Two year,19.8,50,0,0.008002250622940276
6202-JVYEU,One year,19.9,9,0,0.08886242205377912
3774-VBNXY,Two year,20.2,64,0,0.008137493868129756
5027-XWQHA,Month-to-month,44.75,6,1,0.44628654597399114
9741-YLNTD,Month-to-month,87.95,6,1,0.5575712175539326
9693-XMUOB,Month-to-month,50.25,59,0,0.39596776490228275
9060-HJJRW,One year,56.4,51,0,0.2078445430961245
2507-QZPQS,Month-to-month,95.7,15,1,0.4890626812402637
2634-HCZGT,One year,60.05,53,0,0.07219579655439001
1428-GTBJJ,Month-to-month,74.55,11,1,0.5100525026061216
9764-REAFF,Two year,18.4,59,0,0.008065226305252932
1051-EQPZR,Month-to-month,19.6,44,0,0.030939136294806477
8399-YNDCH,Month-to-month,60.05,21,0,0.236209381122971
8059-UDZFY,Month-to-month,105.35,33,0,0.2775224209780257
5939-SXWHM,Two year,26.3,48,0,0.003463203463203463
4878-BUNFV,Two year,20.7,42,0,0.0012461477050847115
3976-NLDEZ,Month-to-month,20.6,1,0,0.290630530418704
6024-RUGGH,Two year,25.2,72,0,0.0
6198-PNNSZ,One year,109.8,56,0,0.23598061246369487
9820-RMCQV,Month-to-month,48.55,11,0,0.28314663566238507
7940-UQQUG,One year,104.4,64,0,0.043675895465268184
1907-YLNYW,Month-to-month,66.7,8,0,0.3127666834652307
3589-PPVKW,Month-to-month,44.4,9,0,0.378179633448002
7576-ASEJU,One year,74.7,41,0,0.11495804165164179
7596-ZYWBB,Two year,59.6,65,0,0.012537373304170594
9512-UIBFX,Month-to-month,95.15,18,1,0.402353032770278
6211-WWLTF,Two year,99.7,63,0,0.12258354814886975
5442-PPTJY,Two year,19.7,12,0,0.010092301551238558
9565-JSNFM,One year,70.45,38,0,0.15755433806927469
1597-LHYNC,Month-to-month,95.0,26,1,0.4668167952937871
1223-UNPKS,Two year,20.05,20,0,0.0012461477050847115
0623-EJQEG,One year,93.55,65,0,0.1293019161017048
6582-PLFUU,Two year,19.55,51,0,0.0009071646542372538
8338-QIUNR,Two year,66.5,72,0,0.04599535441673393
6953-PBDIN,Two year,72.95,70,0,0.02954587655394243
